#,Name,Team,Bats,ESPN,YAHOO,G,PA,AB,R,HR,RBI,SB,H,1B,2B,3B,TB,SO,BB,HBP,SF,SH,CS,AVG,OBP,SLG,OPS,BABIP,RazzID
1,Shohei Ohtani,LAD,L,DH,DH,150,667,571,114.7,39.4,98.5,33.5,158.6,83.0,31.3,4.8,317.7,152.5,82.7,5.3,4.1,2.6,8.2,0.278,0.370,0.556,0.927,0.311,6602710
2,Jackson Chourio,MIL,R,OF,OF,152,664,605,88.0,25.9,78.2,26.5,162.6,104.4,28.8,3.5,276.0,134.0,48.1,4.7,4.1,2.7,6.6,0.268,0.324,0.456,0.780,0.304,694192
3,Luis Arraez,SD,L,1B/2B,1B/2B,151,663,611,88.3,8.7,60.2,8.2,186.6,137.4,38.3,2.2,255.4,41.2,39.5,6.0,3.9,2.8,2.3,0.306,0.350,0.418,0.768,0.315,650333
4,Francisco Lindor,NYM,S,SS,SS,150,662,588,93.8,24.9,77.7,22.7,150.0,91.5,31.6,2.0,260.3,125.8,60.5,9.8,4.1,2.4,5.1,0.255,0.333,0.443,0.775,0.283,12916
5,Juan Soto,NYM,L,OF,OF,151,661,531,109.0,31.8,90.1,8.9,147.8,83.7,30.0,2.3,277.7,109.9,126.1,4.0,4.5,1.8,3.1,0.278,0.421,0.523,0.944,0.294,665742
6,Gunnar Henderson,BAL,L,SS,SS,151,661,575,104.6,31.3,86.5,17.3,156.6,87.1,33.0,5.2,293.9,141.2,71.7,5.9,4.0,2.5,4.3,0.272,0.355,0.511,0.866,0.308,683002
7,Corbin Carroll,ARI,L,OF,OF,148,659,575,96.5,23.0,74.3,39.5,149.5,92.7,23.5,10.2,262.3,122.3,69.4,9.9,4.1,2.5,8.1,0.260,0.347,0.457,0.804,0.292,682998
8,Marcus Semien,TEX,R,2B,2B,150,656,589,91.3,21.9,69.6,11.3,149.0,97.0,27.2,2.8,247.6,99.6,56.8,4.7,3.8,2.9,2.4,0.253,0.321,0.421,0.742,0.270,12533
9,Ketel Marte,ARI,S,2B,2B,148,653,573,94.3,24.4,78.0,8.1,157.7,100.4,28.8,4.2,268.0,118.3,69.2,5.9,4.3,2.1,2.1,0.275,0.357,0.468,0.825,0.307,13613
10,Bobby Witt Jr.,KC,R,SS,SS,151,651,589,97.4,28.4,88.9,34.1,173.7,105.7,32.4,7.3,305.8,100.9,47.5,6.5,4.3,2.0,10.2,0.294,0.350,0.519,0.869,0.313,677951
11,Jarren Duran,BOS,L,OF,OF,148,651,588,87.8,16.8,66.7,29.5,154.5,93.8,35.8,8.1,256.8,149.9,49.3,5.9,3.9,2.8,6.0,0.263,0.322,0.437,0.759,0.324,680776
12,Bryan Reynolds,PIT,S,OF,OF,150,646,575,82.7,21.7,70.1,8.7,149.6,95.7,29.3,2.8,249.6,142.8,56.6,9.1,4.3,2.0,2.4,0.260,0.333,0.434,0.767,0.308,668804
13,Freddie Freeman,LAD,L,1B,1B,150,645,559,89.4,22.0,86.6,10.5,159.1,98.5,36.1,2.4,266.2,106.9,71.0,9.0,4.6,0.7,2.5,0.285,0.371,0.477,0.847,0.316,5361
14,Elly De La Cruz,CIN,S,SS,SS,151,644,573,84.7,24.5,81.9,53.0,144.3,78.7,34.3,6.8,265.6,186.4,60.4,5.4,4.3,1.8,14.2,0.251,0.326,0.463,0.789,0.327,682829
15,Rafael Devers,BOS,L,3B,3B,150,643,564,90.8,29.5,88.3,3.7,151.0,87.9,30.7,3.0,276.2,138.3,65.5,6.4,4.2,1.5,1.2,0.268,0.347,0.490,0.837,0.304,646240
16,Vladimir Guerrero Jr.,TOR,R,1B,1B/3B,151,643,563,95.3,29.7,93.2,4.8,165.1,97.0,37.6,0.9,293.5,93.1,67.0,6.5,4.4,1.3,1.5,0.293,0.371,0.521,0.893,0.304,665489
17,Julio Rodriguez,SEA,R,OF,OF,150,639,578,84.6,26.4,77.1,26.2,158.0,100.9,29.2,1.5,269.3,145.9,46.0,8.6,4.2,1.8,6.9,0.274,0.333,0.466,0.799,0.321,677594
18,Jose Altuve,HOU,R,2B,2B,145,636,570,86.9,19.5,67.9,17.8,151.1,99.8,30.9,0.9,242.4,109.8,51.6,6.8,3.7,2.8,4.3,0.265,0.330,0.425,0.755,0.296,5417
19,Mookie Betts,LAD,R,SS/OF,2B/SS/ OF,144,636,548,99.5,25.6,81.2,14.4,152.0,85.4,37.9,3.0,272.9,87.3,74.5,5.6,4.1,2.3,3.3,0.277,0.365,0.498,0.863,0.287,13611
20,Ezequiel Tovar,COL,R,SS,SS,151,635,595,77.2,21.1,71.3,10.8,154.3,100.8,29.3,3.1,253.1,164.6,27.3,5.0,4.2,2.0,3.4,0.259,0.294,0.425,0.719,0.322,678662
21,Ian Happ,CHC,S,OF,OF,150,634,546,79.9,19.5,66.9,11.7,133.6,83.9,28.1,2.1,224.4,152.2,75.5,6.4,4.0,2.0,3.1,0.245,0.340,0.411,0.751,0.302,664023
22,Alex Bregman,BOS,R,3B,3B,150,631,554,80.6,21.5,79.4,3.4,147.0,95.4,27.1,2.9,244.4,82.1,64.1,7.3,4.2,1.3,1.1,0.265,0.346,0.441,0.788,0.276,17678
23,Jose Ramirez,CLE,S,3B,3B,150,630,563,83.9,27.6,91.4,29.2,156.2,86.8,39.4,2.4,283.2,76.8,58.4,3.6,4.5,0.5,6.8,0.278,0.346,0.503,0.850,0.278,13510
24,Pete Alonso,NYM,R,1B,1B,150,630,551,82.8,33.0,94.1,3.7,129.6,73.8,22.2,0.7,252.2,147.4,65.8,11.8,4.3,0.5,1.0,0.235,0.329,0.457,0.786,0.258,624413
25,Jackson Merrill,SD,L,OF,OF,152,628,582,77.4,22.4,86.4,13.5,160.8,96.7,36.6,5.1,274.7,104.4,37.0,3.8,4.4,0.8,3.9,0.277,0.321,0.472,0.793,0.302,701538
26,Matt Olson,ATL,L,1B,1B,150,627,543,84.0,30.3,94.2,0.6,135.1,77.8,25.8,1.2,254.2,151.1,75.0,5.6,4.0,0.5,0.2,0.249,0.344,0.468,0.812,0.287,14344
27,Trea Turner,PHI,R,SS,SS,144,627,578,82.9,19.5,71.3,21.6,160.0,106.2,32.5,1.9,254.8,120.0,38.7,5.6,4.2,1.9,4.1,0.277,0.326,0.441,0.767,0.318,16252
28,Josh Naylor,ARI,L,1B,1B,148,624,561,74.7,21.9,83.6,7.4,149.1,98.7,27.8,0.7,244.0,99.7,52.2,6.2,4.3,0.4,2.2,0.265,0.333,0.435,0.767,0.286,647304
29,Willi Castro,MIN,S,2B/SS/ 3B/OF,2B/SS/ 3B/OF,150,624,560,74.3,12.8,57.0,21.2,136.8,91.2,28.8,4.0,211.9,145.4,45.2,14.5,3.9,2.3,5.9,0.244,0.315,0.379,0.694,0.306,650489
30,Brent Rooker,ATH,R,DH,OF,150,623,549,83.3,29.3,81.7,7.7,130.4,74.1,25.5,1.6,246.9,189.0,59.6,8.2,4.2,1.4,2.2,0.238,0.319,0.450,0.768,0.302,667670
31,Oneil Cruz,PIT,L,SS/OF,SS/OF,148,622,557,75.1,23.9,78.6,18.8,140.9,82.2,31.9,2.8,250.2,180.0,56.4,5.0,4.4,0.6,5.0,0.253,0.325,0.450,0.775,0.327,665833
32,Willy Adames,SF,R,SS,SS,150,620,547,72.3,21.1,71.1,12.9,129.6,82.3,25.2,1.1,220.3,149.0,64.0,3.8,4.2,1.2,4.1,0.237,0.319,0.402,0.721,0.285,642715
33,Austin Riley,ATL,R,3B,3B,145,619,554,83.6,27.9,90.3,2.0,147.5,88.8,28.7,2.1,264.2,149.8,51.4,8.8,4.4,0.5,0.6,0.266,0.335,0.476,0.812,0.314,663586
34,Bryce Harper,PHI,L,1B,1B,145,617,529,85.4,26.5,87.5,10.0,146.9,88.5,31.1,0.8,259.1,132.7,81.4,4.3,4.4,0.4,3.0,0.278,0.378,0.490,0.867,0.322,11579
35,Wyatt Langford,TEX,R,OF,OF,150,617,547,76.4,19.7,77.8,18.0,144.7,93.5,27.9,3.7,239.0,121.1,59.9,5.5,4.4,0.6,5.1,0.264,0.341,0.437,0.778,0.304,694671
36,Ryan McMahon,COL,L,3B,3B,150,616,541,69.6,19.1,69.7,7.2,128.8,85.8,22.7,1.3,211.4,178.4,64.8,3.7,4.4,0.5,2.7,0.238,0.321,0.391,0.711,0.316,15112
37,Aaron Judge,NYY,R,OF,OF,145,616,502,101.7,40.7,100.8,7.3,135.2,69.5,24.2,0.7,283.0,160.8,101.9,6.2,4.4,0.6,1.9,0.270,0.394,0.564,0.958,0.310,15640
38,Kyle Tucker,CHC,L,OF,OF,144,616,532,87.3,27.0,81.1,19.9,146.3,89.9,27.5,1.9,258.6,95.8,75.6,3.1,4.2,1.4,4.0,0.275,0.365,0.486,0.851,0.288,663656
39,Ozzie Albies,ATL,S,2B,2B,144,615,561,81.2,20.4,74.2,11.2,149.1,95.3,31.2,2.2,245.9,97.1,41.8,6.9,4.0,1.3,3.0,0.266,0.321,0.438,0.759,0.287,16556
40,Kyle Schwarber,PHI,L,DH,OF,141,614,513,93.7,33.5,76.6,5.9,115.2,63.9,17.0,0.8,234.4,175.5,91.7,5.5,3.6,2.6,1.4,0.225,0.346,0.457,0.803,0.266,16478
41,Randy Arozarena,SEA,R,OF,OF,150,612,530,68.0,19.4,70.2,20.2,125.5,76.9,28.1,1.1,214.0,156.0,62.6,14.1,4.0,0.6,7.2,0.237,0.331,0.404,0.734,0.296,668227
42,Manny Machado,SD,R,3B,3B,148,610,554,75.3,26.4,88.8,7.0,147.0,91.8,28.3,0.6,255.7,120.6,48.8,2.3,3.9,0.4,2.1,0.266,0.325,0.461,0.786,0.294,11493
43,Paul Goldschmidt,NYY,R,1B,1B,148,609,541,74.1,21.9,78.0,7.6,134.6,82.7,29.2,0.8,231.2,159.6,57.9,4.4,4.0,0.7,1.8,0.249,0.324,0.427,0.751,0.310,9218
44,Marcell Ozuna,ATL,R,DH,1B,150,609,543,79.0,29.3,89.5,1.3,140.4,85.9,24.6,0.6,254.1,149.5,57.3,3.8,4.5,0.8,0.4,0.258,0.331,0.468,0.798,0.301,10324
45,Nick Castellanos,PHI,R,OF,OF,150,609,563,69.2,20.7,78.2,6.0,142.2,89.8,29.3,2.4,238.4,143.0,37.4,6.1,4.0,0.6,1.8,0.252,0.305,0.424,0.729,0.302,11737
46,JJ Bleday,ATH,L,OF,OF,148,607,526,73.1,18.5,67.8,5.1,118.1,69.1,28.0,2.5,206.5,132.5,71.6,4.3,4.3,0.7,1.7,0.225,0.320,0.393,0.712,0.263,668709
47,Fernando Tatis Jr.,SD,R,OF,OF,141,606,542,91.0,31.9,85.3,17.2,149.7,84.9,31.4,1.5,279.6,126.9,51.5,6.4,4.0,1.9,4.1,0.276,0.343,0.516,0.859,0.304,665487
48,Lane Thomas,CLE,R,OF,OF,147,605,543,69.2,17.4,63.4,26.1,130.7,80.1,30.8,2.4,218.5,156.1,48.7,7.5,4.4,1.3,8.4,0.240,0.309,0.402,0.711,0.303,657041
49,Vinnie Pasquantino,KC,L,1B,1B,144,605,536,77.3,22.5,81.0,1.9,143.6,90.6,28.6,2.0,243.6,83.7,57.3,5.4,4.3,0.4,0.6,0.268,0.341,0.455,0.796,0.279,686469
50,Masyn Winn,STL,R,SS,SS,151,605,551,73.7,14.7,61.6,13.9,142.8,95.6,28.7,3.8,223.2,101.2,44.0,3.7,3.7,2.6,3.2,0.259,0.315,0.405,0.720,0.292,691026
51,Andrew Vaughn,CHW,R,1B,1B,151,604,550,66.8,21.0,75.5,1.5,137.8,82.0,33.4,1.3,236.8,124.9,40.4,8.2,4.0,0.6,0.5,0.251,0.309,0.431,0.739,0.286,683734
52,Alec Bohm,PHI,R,3B,1B/3B,148,603,552,68.9,15.4,73.4,5.0,152.2,101.6,33.7,1.4,235.1,92.8,41.8,6.0,4.4,0.8,1.6,0.276,0.332,0.426,0.758,0.305,664761
53,James Wood,WSH,L,OF,OF,145,603,525,73.5,19.1,70.1,18.2,136.0,82.9,30.5,3.5,230.7,159.5,67.6,4.2,4.3,0.5,5.8,0.259,0.345,0.439,0.784,0.333,695578
54,Heliot Ramos,SF,R,OF,OF,148,600,544,67.1,19.6,68.2,7.6,131.9,88.5,20.1,3.8,218.4,159.4,45.1,5.9,4.1,1.5,2.2,0.243,0.305,0.401,0.706,0.305,671218
55,Anthony Volpe,NYY,R,SS,SS,151,600,538,73.1,15.6,63.5,26.0,129.1,80.7,28.4,4.3,213.1,128.4,49.5,5.4,3.7,2.3,5.8,0.240,0.307,0.395,0.702,0.285,683011
56,Jeremy Pena,HOU,R,SS,SS,151,599,554,67.0,16.0,68.2,15.5,144.6,97.7,28.9,2.0,225.5,112.2,30.7,9.1,4.0,1.2,4.9,0.261,0.308,0.408,0.715,0.300,665161
57,Brenton Doyle,COL,R,OF,OF,147,599,547,70.5,20.2,66.0,26.9,134.0,90.1,20.0,3.7,222.0,170.7,40.0,4.7,3.8,2.1,6.1,0.245,0.298,0.406,0.704,0.316,686668
58,Teoscar Hernandez,LAD,R,OF,OF,145,598,544,75.3,26.2,87.4,8.0,139.8,81.0,31.2,1.5,252.6,167.8,43.5,5.9,3.9,0.6,2.4,0.258,0.316,0.465,0.781,0.321,13066
59,Steven Kwan,CLE,L,OF,OF,143,598,527,79.9,11.0,55.3,16.6,149.4,105.1,29.4,3.9,219.6,60.7,60.2,4.8,3.5,2.7,3.7,0.284,0.358,0.417,0.776,0.302,680757
60,Adley Rutschman,BAL,S,C,C,141,597,517,81.2,18.5,65.5,2.3,134.4,86.5,28.2,1.1,220.4,93.4,68.7,4.0,4.0,1.8,0.7,0.260,0.347,0.427,0.774,0.283,668939
61,Yordan Alvarez,HOU,L,OF,OF,140,597,509,94.7,33.0,92.8,3.5,152.4,92.2,25.0,2.3,280.9,101.5,71.9,9.6,4.2,0.5,1.0,0.299,0.391,0.552,0.943,0.315,670541
62,Dansby Swanson,CHC,R,SS,SS,147,596,533,64.6,17.0,65.6,13.5,129.7,87.4,23.4,1.9,208.2,145.2,53.4,4.3,4.4,1.1,3.6,0.243,0.314,0.390,0.705,0.300,18314
63,Bo Bichette,TOR,R,SS,SS,142,596,552,73.1,17.3,73.3,8.9,151.8,98.7,34.0,1.9,241.5,115.0,34.9,4.3,3.9,0.7,2.5,0.275,0.320,0.437,0.758,0.318,666182
64,Riley Greene,DET,L,OF,OF,145,596,525,71.0,19.1,72.2,6.0,138.7,94.3,20.5,4.8,226.1,144.5,62.3,4.8,4.1,0.8,1.8,0.264,0.346,0.431,0.776,0.327,682985
65,William Contreras,MIL,R,C,C,141,595,522,75.6,21.0,73.1,6.5,143.4,93.5,27.3,1.5,236.8,123.0,64.7,4.3,4.1,0.9,1.9,0.274,0.357,0.453,0.810,0.320,661388
66,Eugenio Suarez,ARI,R,3B,3B,150,594,526,66.8,21.0,69.5,2.4,122.3,78.8,21.0,1.5,209.2,170.6,55.2,9.0,3.9,1.1,0.7,0.233,0.314,0.397,0.711,0.300,12552
67,Nathaniel Lowe,WSH,L,1B,1B,147,594,516,66.2,16.0,66.7,1.9,132.4,89.0,25.7,1.6,209.5,131.8,67.8,4.8,4.0,0.5,0.5,0.257,0.345,0.406,0.751,0.313,663993
68,Adolis Garcia,TEX,R,OF,OF,145,594,539,69.9,25.8,82.0,11.3,127.2,76.4,24.2,0.9,230.4,163.1,44.1,6.8,4.2,0.7,3.1,0.236,0.300,0.427,0.727,0.286,666969
69,Triston Casas,BOS,L,1B,1B,144,593,503,74.9,25.2,79.5,2.2,122.5,72.3,23.6,1.4,224.5,153.7,79.7,4.2,4.2,0.6,0.7,0.243,0.348,0.446,0.794,0.296,671213
70,CJ Abrams,WSH,L,SS,SS,142,593,537,74.7,18.0,61.5,35.2,135.9,83.8,29.5,4.5,228.5,112.1,37.0,12.0,3.6,2.6,8.1,0.253,0.312,0.426,0.737,0.287,682928
71,Matt Chapman,SF,R,3B,3B,148,592,519,66.9,20.7,71.6,8.4,123.6,77.0,24.0,1.9,213.3,151.9,62.6,6.9,3.9,0.5,2.7,0.238,0.327,0.411,0.738,0.294,16505
72,Jazz Chisholm Jr.,NYY,L,3B/OF,3B/OF,142,591,531,78.2,25.3,74.3,33.2,129.4,77.5,24.1,2.6,234.5,149.1,48.7,5.3,3.9,1.6,9.1,0.244,0.310,0.441,0.752,0.289,665862
73,Michael Harris II,ATL,L,OF,OF,144,588,543,78.2,22.2,78.7,19.2,155.3,101.9,27.7,3.4,256.5,108.5,34.1,5.9,3.6,2.3,4.3,0.286,0.332,0.472,0.804,0.320,671739
74,Brandon Nimmo,NYM,L,OF,OF,142,585,508,74.0,16.0,64.4,7.3,126.9,81.2,26.5,3.1,207.8,127.6,65.6,10.1,3.7,1.1,2.3,0.250,0.347,0.409,0.756,0.301,12927
75,George Springer,TOR,R,OF,OF,142,584,519,72.1,19.0,64.5,13.4,124.7,79.6,23.9,2.3,210.1,113.0,52.8,5.8,3.5,2.4,3.0,0.240,0.314,0.405,0.719,0.271,12856
76,Taylor Ward,LAA,R,OF,OF,140,582,512,74.1,19.8,66.7,7.3,127.7,82.6,23.7,1.7,214.1,136.2,55.9,7.2,3.6,2.0,2.1,0.250,0.328,0.418,0.747,0.300,621493
77,Luis Robert Jr.,CHW,R,OF,OF,140,579,532,68.8,23.1,67.1,23.2,127.8,73.0,31.1,0.7,229.5,167.7,33.6,6.8,3.9,1.4,6.2,0.240,0.291,0.431,0.722,0.303,673357
78,Gleyber Torres,DET,R,2B,2B,144,578,515,67.1,14.6,57.6,7.2,131.2,91.3,24.4,0.9,201.3,103.2,55.4,3.6,3.8,1.6,2.3,0.255,0.329,0.391,0.720,0.291,16997
79,Anthony Santander,TOR,S,OF,OF,142,577,516,71.7,26.3,83.3,2.5,123.3,66.1,29.6,1.4,234.4,120.6,48.8,7.0,4.1,0.5,0.8,0.239,0.311,0.454,0.765,0.260,623993
80,Spencer Steer,CIN,R,1B/OF,1B/2B/ OF,144,577,505,70.0,19.5,72.9,15.8,122.8,66.1,34.8,2.4,220.9,121.2,60.7,8.1,3.8,0.9,4.3,0.243,0.332,0.437,0.769,0.280,668715
81,Isaac Paredes,HOU,R,3B,1B/3B,141,574,490,72.9,22.0,71.9,1.9,118.1,70.3,24.8,1.0,210.7,97.3,65.3,12.2,3.9,1.2,0.6,0.241,0.341,0.430,0.771,0.257,670623
82,Xander Bogaerts,SD,R,2B/SS,2B/SS,144,573,516,64.8,14.6,64.3,12.5,139.0,97.5,25.5,1.4,211.1,100.7,45.7,5.7,3.8,1.0,3.0,0.269,0.333,0.409,0.742,0.307,12161
83,Lourdes Gurriel Jr.,ARI,R,OF,OF,141,573,530,64.6,16.2,71.2,5.5,143.7,99.8,25.5,2.2,222.3,105.0,33.7,6.1,3.9,0.5,1.9,0.271,0.320,0.419,0.739,0.309,666971
84,Seiya Suzuki,CHC,R,OF,OF,138,573,503,69.3,19.3,69.9,12.1,128.9,83.1,22.6,3.9,217.2,144.5,60.3,5.1,4.0,0.6,4.6,0.256,0.339,0.432,0.771,0.319,673548
85,Mark Vientos,NYM,R,3B,3B,141,571,518,71.5,27.7,82.4,1.1,127.2,76.2,22.3,1.1,234.7,161.4,45.0,5.3,4.2,0.9,0.3,0.246,0.311,0.453,0.764,0.299,668901
86,Xavier Edwards,MIA,S,SS,SS,138,571,508,68.6,5.0,43.1,31.5,143.7,112.2,21.9,4.6,190.0,80.8,55.3,3.3,3.4,2.4,6.7,0.283,0.354,0.374,0.728,0.326,669364
87,Junior Caminero,TB,R,3B,3B,142,571,525,67.6,23.9,76.8,4.4,135.6,86.1,23.4,2.2,235.1,126.1,37.6,4.5,4.1,0.4,1.4,0.258,0.311,0.448,0.760,0.295,691406
88,Brendan Donovan,STL,L,2B/OF,2B/3B/ OF,140,570,503,68.8,11.5,57.5,6.3,138.4,98.9,25.9,2.0,202.9,77.1,51.0,11.0,3.7,0.9,2.2,0.275,0.352,0.403,0.755,0.303,680977
89,Nolan Schanuel,LAA,L,1B,1B,144,570,489,68.1,14.6,60.8,7.6,125.8,88.3,22.0,0.8,193.3,95.3,67.1,7.4,4.1,1.2,2.1,0.257,0.352,0.395,0.747,0.290,694384
90,Zack Gelof,ATH,R,2B,2B,148,567,513,62.0,16.9,60.1,21.4,112.6,68.8,25.0,1.8,191.9,176.1,44.2,4.5,3.7,1.2,5.3,0.220,0.285,0.374,0.659,0.296,680869
91,Michael Busch,CHC,L,1B,1B,144,566,497,63.1,18.2,64.9,2.8,116.6,72.9,23.6,2.0,198.6,156.1,59.0,5.7,3.7,0.8,0.9,0.235,0.320,0.400,0.720,0.302,683737
92,Jung Hoo Lee,SF,L,OF,OF,138,565,513,71.2,11.0,57.1,11.2,149.1,104.2,31.1,2.9,218.8,55.3,42.7,4.5,3.3,2.5,3.0,0.291,0.348,0.427,0.774,0.307,808982
93,Nolan Arenado,STL,R,3B,3B,141,564,514,62.4,18.3,70.7,3.1,130.4,85.1,26.0,0.9,213.3,87.6,40.3,5.0,4.1,0.6,1.1,0.253,0.312,0.415,0.727,0.272,9777
94,Yandy Diaz,TB,R,1B,1B,135,564,496,73.2,14.8,59.5,2.3,140.7,98.1,26.9,0.9,213.9,86.9,57.4,5.6,3.3,2.5,0.6,0.284,0.361,0.431,0.792,0.317,650490
95,Colton Cowser,BAL,L,OF,OF,144,563,489,67.3,19.5,68.3,8.8,116.8,70.1,25.5,1.8,204.3,163.5,59.9,7.9,4.1,1.1,2.8,0.238,0.328,0.418,0.745,0.314,681297
96,Dylan Crews,WSH,R,OF,OF,144,563,511,61.6,14.3,57.2,22.9,124.8,81.4,25.4,3.7,200.5,124.6,38.4,7.4,3.7,1.7,6.6,0.244,0.303,0.392,0.695,0.294,686611
97,Christian Walker,HOU,R,1B,1B,138,562,494,70.6,26.2,81.1,4.7,118.3,65.9,25.4,0.8,223.8,129.1,55.4,7.5,3.6,0.4,1.4,0.240,0.322,0.453,0.775,0.269,13419
98,Cody Bellinger,NYY,L,1B/OF,1B/OF,138,561,507,69.5,21.1,74.4,11.5,127.9,78.7,26.3,1.8,221.0,102.8,45.1,3.9,4.1,0.6,3.0,0.253,0.315,0.436,0.751,0.276,15998
99,Carlos Correa,MIN,R,SS,SS,133,560,493,73.5,17.3,62.4,1.2,130.6,83.7,27.6,2.1,214.1,109.2,59.6,4.4,3.8,1.5,0.4,0.265,0.348,0.434,0.782,0.306,14162
100,Jordan Westburg,BAL,R,2B/3B,2B/SS/ 3B,138,559,506,68.0,18.8,70.6,8.0,132.1,84.5,25.0,3.8,221.2,124.0,39.1,6.9,4.1,1.8,2.4,0.261,0.318,0.437,0.755,0.308,676059
101,Willson Contreras,STL,R,C,C,136,557,480,68.2,20.2,67.0,5.5,116.2,70.3,25.0,0.8,203.2,133.1,58.1,14.2,4.0,0.5,1.9,0.242,0.338,0.423,0.761,0.290,11609
102,Luis Rengifo,LAA,S,2B/3B,2B/3B,136,557,509,68.3,15.6,59.3,21.9,132.9,91.9,22.8,2.6,207.7,91.9,36.0,6.2,3.7,1.7,6.7,0.262,0.315,0.408,0.723,0.290,650859
103,Lawrence Butler,ATH,L,OF,OF,144,557,505,73.0,20.4,64.2,16.7,125.6,78.4,24.9,1.9,215.7,128.1,43.4,2.8,3.4,2.3,3.5,0.249,0.308,0.427,0.735,0.293,671732
104,Matt McLain,CIN,R,2B/SS,2B/SS,136,556,490,72.5,20.8,71.6,16.3,125.9,69.0,33.5,2.6,227.0,139.6,55.2,7.9,4.0,0.5,5.0,0.257,0.339,0.463,0.803,0.315,680574
105,Jorge Soler,LAA,R,OF,OF,140,555,484,67.4,25.1,75.1,1.5,112.6,64.5,22.2,0.8,211.7,143.6,60.1,5.5,3.6,0.9,0.5,0.233,0.322,0.438,0.760,0.275,14221
106,Nico Hoerner,CHC,R,2B,2B/SS,142,555,502,60.3,7.3,50.8,25.6,138.5,104.0,25.4,1.9,189.6,62.3,39.0,8.9,3.5,1.4,5.9,0.276,0.336,0.378,0.714,0.301,663538
107,Brice Turang,MIL,L,2B,2B,144,555,498,59.8,8.6,48.8,34.4,126.1,92.1,22.3,3.1,180.4,97.0,49.0,2.8,3.8,1.7,7.2,0.253,0.321,0.362,0.682,0.296,668930
108,J.P. Crawford,SEA,L,SS,SS,144,553,476,62.1,9.9,48.0,4.3,112.8,72.5,28.7,1.6,174.4,109.4,64.5,6.6,3.6,1.8,1.3,0.237,0.332,0.366,0.699,0.285,15491
109,Christian Yelich,MIL,L,OF,OF,133,552,475,66.7,15.0,60.7,21.4,126.2,86.2,22.1,2.8,199.1,118.6,68.6,4.4,3.6,1.6,4.5,0.266,0.361,0.420,0.781,0.323,11477
110,Luis Garcia,WSH,L,2B,2B,144,550,512,61.2,15.8,66.1,15.8,141.1,92.9,30.2,2.2,223.0,83.6,31.0,2.2,3.7,1.1,5.3,0.276,0.316,0.435,0.752,0.301,671277
111,Corey Seager,TEX,L,SS,SS,130,548,482,83.6,26.2,75.1,2.5,136.4,80.9,28.6,0.6,245.0,92.3,56.1,4.9,3.7,1.7,0.7,0.283,0.360,0.508,0.868,0.300,13624
112,Bryson Stott,PHI,L,2B,2B/SS,144,547,491,59.7,11.9,57.0,24.9,126.1,90.0,21.4,2.9,188.9,91.4,47.1,4.4,3.9,1.7,5.1,0.257,0.325,0.385,0.710,0.292,681082
113,Andres Gimenez,TOR,L,2B,2B,144,545,498,63.0,10.4,54.7,23.6,129.7,88.3,28.8,2.3,194.1,92.2,28.2,13.8,3.7,1.3,5.1,0.261,0.315,0.390,0.705,0.299,665926
114,Parker Meadows,DET,L,OF,OF,141,545,485,65.1,13.5,51.0,20.2,113.6,76.9,17.1,6.1,183.3,126.0,50.2,4.4,3.3,2.3,5.0,0.234,0.309,0.378,0.686,0.287,678009
115,Jonathan India,KC,R,2B,2B,134,544,468,69.6,12.3,52.0,11.0,118.5,80.2,23.9,2.1,183.5,103.4,57.6,12.1,3.3,2.2,2.6,0.253,0.346,0.392,0.738,0.299,663697
116,Jake Cronenworth,SD,L,1B/2B,1B/2B,140,540,477,59.2,12.3,58.3,4.2,114.8,69.5,29.3,3.7,188.3,103.5,48.4,9.9,4.0,0.7,1.3,0.241,0.320,0.394,0.714,0.280,630105
117,Rhys Hoskins,MIL,R,1B,1B,137,539,474,62.8,23.9,66.8,2.7,105.8,61.8,19.0,1.0,198.5,150.1,55.4,5.7,4.0,0.8,0.8,0.223,0.310,0.418,0.728,0.269,656555
118,Salvador Perez,KC,R,C/1B,C/1B,134,538,497,62.6,21.6,75.6,0.4,128.3,85.3,20.8,0.6,215.2,117.4,28.3,8.7,3.5,0.4,0.1,0.258,0.307,0.433,0.740,0.295,7304
119,Michael Toglia,COL,S,1B,1B/OF,141,538,474,62.5,23.0,68.3,7.7,106.1,64.0,16.1,2.9,197.0,162.5,54.9,3.1,4.0,0.9,2.4,0.224,0.305,0.416,0.721,0.284,669911
120,Cal Raleigh,SEA,S,C,C,134,533,472,62.5,25.0,69.7,3.2,104.0,54.2,24.2,0.7,204.5,145.7,52.7,3.6,3.8,0.5,1.0,0.221,0.301,0.434,0.735,0.259,663728
121,Jordan Walker,STL,R,OF,OF,144,531,481,58.2,15.2,59.7,7.0,120.7,76.9,26.4,2.2,197.1,118.7,38.7,6.1,3.7,1.4,2.1,0.251,0.312,0.410,0.721,0.301,691023
122,Ke'Bryan Hayes,PIT,R,3B,3B,136,530,483,53.8,10.6,52.9,13.6,123.2,86.8,23.2,2.6,183.5,104.3,37.5,4.1,3.9,1.6,3.8,0.255,0.311,0.380,0.691,0.302,663647
123,Andrew Benintendi,CHW,L,OF,OF,134,529,477,56.9,12.6,54.2,6.2,121.9,84.0,24.4,1.0,186.1,90.5,43.2,3.2,3.7,0.8,2.2,0.256,0.318,0.390,0.708,0.290,17901
124,Jesus Sanchez,MIA,L,OF,OF,135,529,475,59.8,19.5,65.1,9.9,119.7,77.3,21.1,1.8,203.0,135.6,45.0,4.8,3.7,0.6,2.9,0.252,0.320,0.427,0.748,0.310,660821
125,Ryan Mountcastle,BAL,R,1B,1B,134,528,483,61.4,19.0,67.8,3.3,123.8,82.7,20.6,1.5,204.5,125.9,36.4,3.2,3.5,0.8,1.0,0.256,0.310,0.423,0.733,0.306,663624
126,Brandon Lowe,TB,L,2B,1B/2B,129,528,467,66.7,21.5,60.6,5.7,107.6,63.9,19.8,2.4,196.6,137.7,50.3,6.3,3.5,1.4,1.5,0.231,0.311,0.421,0.732,0.277,664040
127,TJ Friedl,CIN,L,OF,OF,129,525,465,69.2,16.1,55.9,15.9,115.5,74.3,21.7,3.4,192.5,91.9,45.4,10.1,3.2,2.0,4.1,0.248,0.325,0.414,0.739,0.276,670770
128,Carlos Santana,CLE,S,1B,1B,134,524,461,58.7,18.1,63.4,2.9,108.6,66.3,23.6,0.5,187.7,94.9,55.5,3.5,3.5,0.6,0.8,0.236,0.320,0.407,0.727,0.258,2396
129,Jurickson Profar,ATL,S,OF,OF,135,521,452,64.9,13.3,56.6,5.6,117.6,81.2,22.3,0.8,181.3,85.2,57.7,7.2,3.5,1.5,1.6,0.261,0.350,0.401,0.751,0.292,10815
130,Josh Jung,TEX,R,3B,3B,136,521,482,58.6,19.2,67.3,5.3,119.1,76.5,21.1,2.4,202.5,142.2,29.9,5.2,3.4,0.9,1.6,0.247,0.296,0.420,0.716,0.308,673962
131,Pete Crow-Armstrong,CHC,L,OF,OF,141,521,477,58.5,13.6,54.6,26.5,115.9,76.6,20.4,5.3,187.7,128.9,32.2,6.8,3.7,1.5,7.2,0.243,0.297,0.393,0.690,0.302,691718
132,Colt Keith,DET,L,2B,2B,137,519,471,55.4,13.2,55.8,5.0,122.7,88.7,17.2,3.5,186.5,100.4,40.8,3.6,3.4,1.0,1.4,0.260,0.322,0.396,0.718,0.303,690993
133,Kyle Manzardo,CLE,L,DH,1B,130,517,452,65.2,20.0,61.7,2.4,108.0,57.0,30.1,0.8,199.7,114.8,54.9,4.7,3.5,1.5,0.7,0.239,0.324,0.441,0.765,0.274,700932
134,Trevor Story,BOS,R,SS,SS,133,516,465,53.0,13.3,53.4,18.7,103.7,67.0,22.2,1.2,168.1,148.4,42.0,5.1,3.3,0.4,5.0,0.223,0.293,0.362,0.655,0.295,12564
135,Joey Ortiz,MIL,R,3B,2B/SS/ 3B,142,515,460,57.8,11.0,51.4,10.8,115.8,77.0,23.6,4.1,180.7,103.0,45.5,5.3,3.8,1.8,3.2,0.252,0.323,0.394,0.717,0.300,687401
136,Jeff McNeil,NYM,L,2B/OF,2B/OF,140,514,466,58.2,8.9,53.9,5.2,125.2,86.4,28.7,1.2,183.0,65.0,34.3,9.9,3.8,1.6,1.4,0.269,0.330,0.393,0.722,0.294,643446
137,Maikel Garcia,KC,R,2B/3B,2B/SS/ 3B,137,514,467,57.1,7.0,47.1,26.5,122.5,89.0,23.2,3.3,173.1,90.0,38.7,2.3,3.6,2.0,6.2,0.262,0.318,0.371,0.689,0.309,672580
138,Cedric Mullins,BAL,L,OF,OF,140,513,461,59.3,15.5,59.4,26.3,112.1,69.4,24.7,2.5,188.3,104.3,41.5,4.6,3.5,1.4,6.3,0.243,0.308,0.408,0.717,0.280,656775
139,Royce Lewis,MIN,R,3B,3B,133,513,462,62.8,22.7,68.2,5.6,115.1,68.0,23.6,0.8,208.4,120.0,43.9,4.0,3.4,0.8,1.6,0.249,0.318,0.451,0.769,0.286,668904
140,Tyler Fitzgerald,SF,R,SS,2B/SS/ OF,137,510,465,52.8,15.3,54.3,17.0,105.4,69.5,18.0,2.6,174.5,153.5,33.8,6.7,3.8,1.0,4.4,0.227,0.286,0.375,0.661,0.301,666149
141,Colson Montgomery,CHW,L,SS,SS,144,510,446,50.2,11.5,44.1,3.9,89.4,58.5,17.7,1.6,144.9,149.3,47.6,8.8,3.9,1.9,1.2,0.200,0.286,0.325,0.611,0.269,695657
142,Jake McCarthy,ARI,L,OF,OF,130,508,457,56.5,9.5,53.1,25.4,121.7,88.6,17.4,6.2,179.9,90.9,38.3,9.3,3.7,1.0,6.3,0.266,0.333,0.394,0.727,0.312,664983
143,Daulton Varsho,TOR,L,OF,OF,134,506,453,56.5,16.9,58.0,11.5,99.7,57.4,21.6,3.8,179.6,126.8,43.6,4.6,3.5,1.1,3.3,0.220,0.292,0.396,0.688,0.265,662139
144,Lars Nootbaar,STL,L,OF,OF,128,505,431,63.6,16.0,55.8,8.8,107.6,68.2,21.2,2.2,181.2,103.2,66.9,3.0,3.3,1.1,2.5,0.250,0.352,0.420,0.773,0.291,663457
145,Tyler O'Neill,BAL,R,OF,OF,129,504,443,59.6,21.7,65.1,5.5,101.5,63.2,15.9,0.7,184.0,153.9,50.8,5.4,3.3,0.5,1.5,0.230,0.313,0.416,0.729,0.295,641933
146,Connor Norby,MIA,R,3B,2B/3B,130,504,454,56.7,13.9,49.0,7.9,109.2,70.9,23.3,1.1,176.3,137.4,41.5,4.0,3.4,1.5,2.5,0.240,0.307,0.388,0.695,0.311,681393
147,Orlando Arcia,ATL,R,SS,SS,141,503,456,58.1,14.2,56.1,2.6,108.1,72.4,20.9,0.5,172.7,102.9,38.4,3.6,3.6,1.8,0.6,0.237,0.299,0.379,0.678,0.274,13185
148,Justin Turner,FA,R,1B,1B/3B,127,497,438,54.4,11.7,52.6,2.2,110.5,76.1,22.2,0.5,168.6,94.1,46.8,7.9,3.4,0.6,0.6,0.252,0.333,0.385,0.718,0.295,5235
149,Josh Bell,WSH,S,1B,1B,128,494,436,56.0,15.8,56.4,1.1,108.0,69.8,21.3,1.1,179.0,97.8,49.0,4.1,3.6,0.6,0.4,0.248,0.327,0.411,0.737,0.283,13145
150,Christopher Morel,TB,R,2B/3B,2B/3B/ OF,130,494,438,56.5,19.7,59.9,9.0,99.0,58.6,17.8,2.9,181.7,136.2,46.8,5.3,3.2,0.9,3.1,0.225,0.305,0.414,0.720,0.278,666624
151,Jake Burger,TEX,R,1B/3B,1B/3B,133,494,451,59.7,22.8,67.9,1.8,109.4,66.0,19.2,1.3,199.7,131.5,30.9,7.9,3.6,1.3,0.6,0.242,0.300,0.443,0.743,0.289,669394
152,Jose Miranda,MIN,R,3B,1B/3B,132,493,453,55.3,13.1,57.6,3.6,120.9,79.2,26.1,2.5,191.2,82.6,29.6,6.5,3.4,1.1,1.1,0.267,0.319,0.422,0.741,0.299,669304
153,Mike Trout,LAA,R,OF,OF,120,491,426,67.1,25.0,70.3,7.6,106.1,60.6,17.6,3.0,204.5,132.0,54.1,6.6,3.5,0.5,2.2,0.249,0.340,0.481,0.821,0.298,10155
154,Tommy Edman,LAD,S,OF,SS/OF,129,485,441,54.5,11.3,53.5,18.8,110.3,71.9,24.9,2.1,173.5,85.9,33.6,4.9,3.6,1.7,3.9,0.251,0.306,0.393,0.700,0.285,669242
155,Byron Buxton,MIN,R,OF,OF,123,484,438,58.5,21.8,66.3,7.6,102.7,55.0,23.7,2.2,196.2,137.6,36.0,7.7,3.2,0.5,2.0,0.235,0.303,0.448,0.751,0.287,14161
156,Kyle Stowers,MIA,L,OF,OF,130,484,432,50.4,15.9,53.2,2.5,96.5,60.1,18.3,2.2,166.9,145.0,42.2,6.3,3.4,1.2,0.8,0.223,0.300,0.387,0.687,0.294,669065
157,Brayan Rocchio,CLE,S,SS,SS,144,484,427,56.7,9.5,48.1,12.6,104.4,67.1,26.8,1.0,161.9,86.5,45.5,5.9,3.5,1.8,3.5,0.245,0.322,0.379,0.702,0.284,677587
158,Will Smith,LAD,R,C,C,120,483,421,60.8,17.6,64.9,2.3,105.2,61.3,24.5,1.8,186.1,84.7,49.4,8.1,3.2,0.7,0.6,0.249,0.336,0.441,0.778,0.272,669257
159,Victor Robles,SEA,R,OF,OF,130,481,431,52.8,7.3,40.7,30.1,106.2,73.4,24.0,1.5,155.0,104.5,34.8,10.1,2.9,2.0,6.3,0.246,0.314,0.360,0.674,0.307,645302
160,Tyler Soderstrom,ATH,L,1B,C/1B,132,481,434,55.1,20.0,61.8,1.5,98.2,58.3,18.5,1.3,179.5,127.1,37.7,4.8,3.6,0.7,0.5,0.226,0.293,0.414,0.707,0.269,691016
161,Matt Vierling,DET,R,3B/OF,3B/OF,121,479,434,51.7,10.5,49.1,6.4,108.0,74.5,19.7,3.3,165.7,102.6,37.9,3.9,3.5,0.9,2.0,0.249,0.313,0.382,0.694,0.301,663837
162,Alec Burleson,STL,L,OF,1B/OF,121,479,439,58.1,15.8,56.5,6.7,117.9,80.2,21.1,0.7,187.8,67.0,31.4,3.8,3.2,1.3,2.1,0.269,0.320,0.428,0.748,0.284,676475
163,Jacob Young,WSH,R,OF,OF,144,479,434,50.5,4.5,40.4,27.2,109.0,80.6,22.3,1.6,148.1,90.6,31.8,7.6,3.5,1.8,5.7,0.251,0.310,0.341,0.651,0.305,696285
164,Trevor Larnach,MIN,L,OF,OF,121,478,421,56.5,15.8,55.6,4.1,101.5,63.5,21.0,1.3,172.3,127.4,51.5,3.3,3.3,0.6,1.3,0.241,0.328,0.409,0.737,0.305,663616
165,Jasson Dominguez,NYY,S,OF,OF,130,477,422,57.7,15.9,56.7,16.4,104.0,66.2,20.3,1.6,175.2,116.3,46.5,2.7,3.6,1.7,4.3,0.247,0.321,0.416,0.737,0.300,691176
166,Max Muncy,LAD,L,3B,1B/3B,122,475,396,58.9,20.2,60.1,2.6,83.9,45.4,17.6,0.6,163.5,127.1,68.5,5.7,3.5,0.7,0.8,0.212,0.332,0.413,0.745,0.252,13301
167,Tommy Pham,PIT,R,OF,OF,119,474,428,51.7,10.0,43.9,10.9,105.2,73.5,19.3,2.3,159.2,107.3,38.3,3.7,2.9,1.8,2.6,0.246,0.311,0.372,0.683,0.304,2967
168,Jeimer Candelario,CIN,S,1B/3B,1B/3B,124,474,427,54.8,17.0,60.3,5.4,102.1,56.1,27.3,1.7,183.7,113.1,36.9,7.0,3.3,1.0,1.7,0.239,0.308,0.430,0.738,0.284,13621
169,Michael Conforto,LAD,L,OF,OF,125,474,419,57.6,17.6,60.1,2.2,101.7,62.3,20.3,1.5,177.7,113.2,44.6,5.7,3.3,1.0,0.7,0.243,0.320,0.424,0.744,0.288,16376
170,Brandon Marsh,PHI,L,OF,OF,134,474,418,55.2,12.2,50.2,13.6,101.7,68.1,18.4,3.0,162.8,145.7,48.4,3.8,3.5,1.5,3.5,0.243,0.325,0.390,0.715,0.340,669016
171,Thairo Estrada,COL,R,2B,2B,129,470,434,53.1,13.3,52.6,11.4,115.5,82.6,17.6,2.1,177.1,90.5,22.5,8.3,3.2,1.2,3.3,0.266,0.311,0.408,0.719,0.307,642731
172,Brooks Lee,MIN,S,SS,2B/SS/ 3B,134,468,426,53.4,11.2,50.5,4.7,108.0,70.4,24.6,1.8,170.0,74.3,34.7,2.7,3.5,1.7,1.4,0.253,0.311,0.399,0.710,0.281,686797
173,Isiah Kiner-Falefa,PIT,R,2B/SS/ 3B,2B/SS/ 3B,133,467,431,49.0,6.0,41.2,13.0,112.9,87.1,17.1,2.6,153.2,73.6,24.5,6.2,3.3,1.7,3.1,0.262,0.308,0.355,0.663,0.301,643396
174,Nolan Jones,COL,L,OF,OF,125,467,402,53.3,13.5,52.3,10.9,100.0,65.9,18.3,2.3,163.3,137.7,55.1,4.2,3.1,0.9,3.1,0.249,0.341,0.406,0.747,0.340,666134
175,J.D. Martinez,FA,R,DH,DH,119,464,415,50.6,14.7,54.4,0.8,96.9,58.9,22.1,1.2,165.5,133.0,40.9,4.1,3.2,0.5,0.2,0.234,0.306,0.399,0.705,0.304,6184
176,Zach Neto,LAA,R,SS,SS,122,462,414,56.2,16.7,56.2,19.6,104.2,64.1,22.5,0.9,178.7,99.9,31.8,11.2,3.2,1.5,5.4,0.252,0.318,0.432,0.750,0.291,687263
177,Ty France,MIN,R,1B,1B,120,461,412,51.1,10.7,48.9,1.5,105.6,71.0,23.4,0.5,162.1,86.6,32.4,13.4,3.2,0.9,0.5,0.256,0.329,0.393,0.722,0.298,664034
178,Jonah Bride,MIA,R,1B,1B/3B,121,461,396,47.7,10.7,46.0,2.2,92.2,62.2,18.3,1.0,144.4,99.0,56.5,6.5,3.0,0.4,0.8,0.233,0.336,0.365,0.701,0.282,681146
179,Jacob Wilson,ATH,R,SS,SS,133,461,422,56.4,6.7,47.9,5.5,118.9,82.0,27.8,2.4,171.4,50.1,28.8,5.3,3.3,1.7,1.2,0.282,0.332,0.406,0.738,0.305,805779
180,Andrew McCutchen,PIT,R,DH,DH,117,459,398,51.2,13.2,46.0,5.3,90.8,60.8,15.9,0.9,148.0,113.7,53.5,5.1,2.9,0.7,1.7,0.228,0.325,0.372,0.697,0.283,9847
181,Michael Massey,KC,L,2B,2B,124,459,424,50.8,13.7,54.3,3.8,107.9,71.2,20.5,2.4,174.4,88.2,25.1,5.1,3.4,0.8,1.1,0.255,0.301,0.411,0.712,0.289,686681
182,Matt Shaw,CHC,R,3B,3B,130,459,410,52.8,13.4,50.4,14.0,101.8,69.2,16.7,2.5,163.7,98.5,38.3,5.6,3.5,1.7,4.3,0.249,0.318,0.400,0.717,0.293,807713
183,Kerry Carpenter,DET,L,OF,OF,116,456,415,57.1,18.9,55.9,3.1,103.9,67.3,14.2,3.5,181.8,114.9,33.0,5.9,3.0,0.4,1.2,0.251,0.313,0.439,0.752,0.299,681481
184,Mike Yastrzemski,SF,L,OF,OF,124,455,404,50.3,14.0,48.8,4.0,89.4,52.7,18.2,4.4,158.4,121.0,42.4,5.0,3.0,1.0,1.1,0.221,0.301,0.393,0.694,0.277,573262
185,Josh Lowe,TB,L,OF,OF,118,453,409,48.8,12.9,51.5,20.2,99.5,62.9,21.4,2.3,164.1,135.4,38.6,2.3,3.0,0.5,4.0,0.243,0.309,0.401,0.710,0.328,666139
186,Jorge Polanco,SEA,S,2B,2B,122,450,395,48.1,13.9,45.8,4.0,86.4,54.2,17.9,0.4,146.7,121.6,46.9,3.8,3.3,1.3,1.3,0.218,0.304,0.372,0.677,0.276,13152
187,Matt Wallner,MIN,L,OF,OF,121,449,390,53.4,17.5,54.8,3.6,89.7,49.6,21.1,1.5,166.2,151.6,45.0,11.3,3.3,0.7,1.1,0.230,0.325,0.426,0.751,0.322,670242
188,Victor Scott II,STL,L,OF,OF,130,448,408,48.5,7.1,39.8,25.9,95.3,68.7,17.7,1.9,138.2,88.6,29.9,4.9,3.2,1.7,5.4,0.234,0.291,0.339,0.630,0.280,687363
189,Max Kepler,PHI,L,OF,OF,116,446,402,50.6,13.9,52.8,2.1,97.7,65.2,17.2,1.4,159.2,89.0,37.2,4.9,2.9,0.8,0.5,0.243,0.313,0.396,0.709,0.278,12144
190,Kris Bryant,COL,R,DH,1B/OF,116,445,395,48.4,12.6,51.1,1.0,98.0,68.3,16.0,1.2,154.1,107.1,38.1,7.4,2.9,0.4,0.3,0.248,0.322,0.390,0.712,0.307,15429
191,Alex Verdugo,FA,L,OF,OF,114,443,401,49.4,9.2,45.7,3.0,103.5,71.0,21.9,1.4,155.8,68.5,34.9,3.1,2.9,1.2,0.9,0.258,0.319,0.389,0.708,0.289,657077
192,MJ Melendez,KC,L,OF,OF,121,441,391,50.3,15.6,52.7,5.9,90.5,55.0,17.6,2.3,159.5,108.7,42.5,3.1,3.0,1.0,2.1,0.231,0.308,0.408,0.716,0.278,669004
193,Ha-Seong Kim,TB,R,SS,SS,115,438,383,49.7,10.0,42.3,18.8,92.6,63.4,17.4,1.8,143.7,80.6,48.4,3.4,3.0,1.4,4.5,0.242,0.330,0.376,0.705,0.280,673490
194,Garrett Mitchell,MIL,L,OF,OF,115,437,387,46.8,12.8,48.0,17.5,91.1,59.0,16.4,3.0,151.7,129.8,43.0,4.4,2.8,0.4,5.2,0.235,0.316,0.391,0.708,0.316,669003
195,LaMonte Wade Jr.,SF,L,1B,1B/OF,112,436,368,53.6,11.9,43.9,2.5,89.3,60.3,16.1,0.9,143.0,93.4,59.3,5.2,3.0,0.7,0.7,0.243,0.353,0.389,0.742,0.291,664774
196,Yainer Diaz,HOU,R,C,C/1B,112,435,408,51.8,15.4,59.1,1.3,113.2,74.0,22.2,1.6,184.9,77.3,18.9,3.4,3.2,0.6,0.4,0.277,0.312,0.453,0.765,0.307,673237
197,Wilyer Abreu,BOS,L,OF,OF,120,435,381,50.1,13.6,49.9,8.2,92.1,56.2,20.9,1.3,156.7,117.1,46.4,3.0,2.8,0.8,2.5,0.241,0.325,0.411,0.736,0.310,677800
198,Kyle Isbel,KC,L,OF,OF,133,434,394,50.8,8.7,44.9,12.2,95.6,64.5,17.4,5.0,148.9,91.6,30.0,4.8,3.1,1.6,3.0,0.243,0.300,0.378,0.678,0.293,664728
199,Tyler Stephenson,CIN,R,C,C,113,433,386,50.3,12.9,51.1,1.3,97.2,59.1,24.3,1.0,162.1,103.5,39.1,5.3,2.9,0.5,0.4,0.252,0.328,0.420,0.748,0.310,663886
200,Anthony Rizzo,FA,L,1B,1B,114,432,381,47.0,12.7,47.3,1.9,88.4,59.4,15.7,0.6,143.3,89.8,37.0,10.9,3.0,0.6,0.7,0.232,0.315,0.376,0.691,0.269,3473
201,Ronald Acuna Jr.,ATL,R,OF,OF,94,431,372,70.9,18.2,53.6,24.2,108.2,68.5,19.7,1.8,186.1,74.8,48.7,6.1,2.5,1.9,5.5,0.291,0.378,0.501,0.879,0.320,660670
202,Otto Lopez,MIA,R,2B,2B/SS/ 3B,118,429,393,44.7,5.6,39.2,14.3,108.0,78.4,21.9,2.1,150.9,74.3,28.8,3.3,2.8,0.8,4.0,0.275,0.327,0.384,0.711,0.324,672640
203,Evan Carter,TEX,L,OF,OF,125,429,372,52.1,11.1,46.9,9.9,89.5,55.9,19.6,2.9,148.2,104.3,48.0,5.1,3.0,1.1,3.0,0.240,0.332,0.398,0.730,0.301,694497
204,J.T. Realmuto,PHI,R,C,C,116,427,387,48.1,13.6,50.0,6.9,95.0,60.4,19.2,1.8,158.5,103.8,29.9,6.8,2.9,1.0,1.8,0.245,0.309,0.409,0.718,0.298,11739
205,Mitch Haniger,SEA,R,OF,OF,118,427,384,43.1,14.1,45.1,1.1,83.0,53.0,15.3,0.7,141.8,123.9,35.1,4.2,2.8,0.8,0.3,0.216,0.286,0.369,0.655,0.277,14274
206,Shea Langeliers,ATH,R,C,C,113,426,385,49.1,18.7,57.9,3.4,85.3,47.9,16.9,1.7,161.9,116.1,33.3,3.8,2.8,0.5,1.1,0.221,0.287,0.420,0.708,0.263,669127
207,Joc Pederson,TEX,L,DH,OF,112,421,364,54.4,18.7,58.3,4.5,91.0,55.0,16.0,1.3,165.7,101.0,45.6,8.9,2.8,0.4,1.6,0.250,0.345,0.456,0.801,0.293,11899
208,Chas McCormick,HOU,R,OF,OF,117,421,375,47.8,12.5,45.7,12.4,88.7,59.9,14.8,1.5,144.1,109.0,35.3,6.0,2.9,1.1,3.7,0.237,0.309,0.384,0.693,0.298,676801
209,Sal Frelick,MIL,L,OF,3B/OF,115,419,377,42.6,5.1,38.0,11.5,98.6,72.5,18.3,2.6,137.5,62.4,35.5,3.8,2.8,0.9,3.1,0.262,0.329,0.365,0.694,0.299,686217
210,Jake Meyers,HOU,R,OF,OF,121,417,375,47.9,10.7,44.3,8.7,88.4,57.6,18.1,2.0,142.6,102.2,30.5,5.9,3.0,1.4,2.1,0.235,0.299,0.380,0.679,0.293,676694
211,Geraldo Perdomo,ARI,S,SS,SS,118,416,363,48.0,5.4,37.5,12.2,91.8,68.3,16.0,2.1,128.2,66.3,45.2,4.2,3.0,1.6,3.0,0.253,0.340,0.353,0.693,0.293,672695
212,Yoan Moncada,LAA,S,3B,3B,115,415,373,43.8,9.0,41.5,3.3,89.4,59.5,19.2,1.6,139.0,113.8,35.0,2.8,2.9,1.0,1.0,0.240,0.306,0.373,0.679,0.318,17232
213,Luke Raley,SEA,L,1B/OF,1B/OF,114,414,369,45.8,15.8,48.9,8.5,83.3,47.3,18.9,1.3,152.3,126.6,28.8,12.9,3.1,0.7,2.5,0.226,0.302,0.414,0.716,0.294,670042
214,Nick Gonzales,PIT,R,2B,2B/SS,113,413,374,42.4,7.9,41.5,4.9,97.1,64.7,21.6,2.9,148.2,91.5,29.8,6.1,2.8,1.0,1.6,0.260,0.321,0.396,0.717,0.321,693304
215,Christian Encarnacion-Strand,CIN,R,1B,1B,111,412,376,50.7,18.2,58.0,2.4,96.9,53.9,23.9,0.9,177.3,106.0,27.2,5.0,2.9,0.6,0.7,0.258,0.314,0.471,0.785,0.308,687952
216,Francisco Alvarez,NYM,R,C,C,111,411,367,50.3,17.5,53.4,2.3,85.8,52.4,14.7,1.3,155.6,96.1,38.0,4.6,2.9,1.1,0.7,0.234,0.312,0.424,0.736,0.267,682626
217,Giancarlo Stanton,NYY,R,DH,DH,105,410,366,52.7,24.0,63.4,1.1,82.7,43.4,14.9,0.3,170.4,123.4,38.1,2.5,2.7,0.6,0.3,0.226,0.301,0.465,0.766,0.265,4949
218,Logan O'Hoppe,LAA,R,C,C,113,407,366,46.8,16.5,50.7,3.2,86.8,55.5,13.9,0.9,152.0,106.5,31.0,5.7,2.7,0.7,1.0,0.237,0.304,0.415,0.719,0.286,681351
219,Masataka Yoshida,BOS,L,DH,OF,106,407,364,47.3,10.4,47.9,2.8,102.6,71.4,19.7,1.0,155.6,55.4,31.6,7.0,3.0,0.6,0.8,0.281,0.347,0.427,0.774,0.306,807799
220,Austin Wells,NYY,L,C,C,115,406,358,48.2,14.2,48.7,3.4,81.9,47.0,19.8,0.8,146.0,92.0,39.9,4.5,2.8,1.0,1.0,0.229,0.311,0.408,0.719,0.266,669224
221,Jackson Holliday,BAL,L,2B,2B/SS,124,405,346,50.6,8.9,41.4,7.5,80.5,50.7,19.3,1.5,129.5,107.8,50.6,3.2,2.9,1.5,1.7,0.233,0.331,0.375,0.706,0.309,702616
222,Deyvison De Los Santos,MIA,R,1B,1B,116,398,371,44.5,15.6,47.7,1.8,91.1,58.3,16.1,1.1,156.2,102.9,20.2,3.5,2.8,1.2,0.5,0.246,0.289,0.422,0.711,0.296,691277
223,Gabriel Moreno,ARI,R,C,C,110,396,351,46.2,8.1,42.0,4.6,98.6,71.9,17.3,1.3,142.8,64.9,38.2,3.4,2.9,1.4,1.4,0.281,0.354,0.407,0.762,0.323,672515
224,Wenceel Perez,DET,S,OF,OF,105,395,355,41.5,8.0,37.9,9.9,84.6,58.2,13.6,4.7,131.7,82.1,33.1,3.3,2.7,0.9,2.9,0.238,0.307,0.371,0.678,0.286,672761
225,Ryan O'Hearn,BAL,L,1B/OF,1B/OF,107,394,358,46.7,12.9,50.9,2.9,95.1,61.0,19.6,1.6,156.7,72.3,29.2,3.2,2.8,0.4,0.9,0.266,0.324,0.438,0.761,0.298,656811
226,Gavin Lux,CIN,L,2B,2B/SS,112,392,347,46.4,8.8,41.3,5.1,88.8,58.0,20.3,1.6,138.9,82.3,38.8,2.7,2.9,1.3,1.5,0.256,0.332,0.400,0.732,0.308,666158
227,Griffin Conine,MIA,L,OF,OF,108,390,349,38.8,12.8,40.6,0.9,74.4,48.3,12.0,1.3,127.4,134.3,34.4,3.5,3.0,0.6,0.3,0.213,0.288,0.365,0.653,0.300,665052
228,Patrick Bailey,SF,S,C,C,112,389,351,40.4,8.4,37.9,3.4,82.8,57.6,15.8,1.1,125.8,92.3,32.1,2.2,2.8,1.2,0.8,0.235,0.300,0.358,0.658,0.294,672275
229,Keibert Ruiz,WSH,S,C,C,106,388,358,40.8,11.1,44.8,3.2,91.9,60.4,19.9,0.4,145.9,44.1,21.2,4.3,2.7,0.8,0.9,0.256,0.303,0.407,0.709,0.264,660688
230,Jesse Winker,NYM,L,OF,OF,105,386,327,45.4,9.8,41.6,6.9,78.6,51.3,15.8,1.6,127.2,83.4,52.9,5.4,2.6,0.7,2.0,0.240,0.355,0.388,0.743,0.290,13590
231,Mike Tauchman,CHW,L,OF,OF,104,382,326,43.1,8.3,33.5,6.2,77.9,53.8,15.0,0.8,119.4,82.8,46.9,4.2,2.3,1.5,1.5,0.239,0.338,0.367,0.705,0.294,15274
232,Jonny DeLuca,TB,R,OF,OF,117,382,345,43.8,10.7,41.0,12.5,78.9,50.0,15.5,2.7,132.0,80.5,28.6,5.2,2.8,1.3,3.4,0.229,0.295,0.383,0.678,0.266,676356
233,Ceddanne Rafaela,BOS,R,SS/OF,2B/SS/ OF,114,382,358,45.0,10.5,43.3,15.5,89.8,59.7,16.8,2.7,143.7,89.6,14.3,4.7,2.7,1.4,4.2,0.250,0.285,0.401,0.686,0.304,678882
234,Miguel Vargas,CHW,R,3B/OF,3B/OF,108,381,328,41.5,10.5,37.8,7.8,73.0,42.2,19.2,1.1,125.9,84.0,44.0,4.3,2.6,1.0,2.3,0.223,0.318,0.384,0.702,0.265,678246
235,Bo Naylor,CLE,L,C,C,113,379,332,44.3,13.1,41.9,6.4,72.6,41.2,16.9,1.4,131.6,98.8,39.3,3.4,2.8,1.4,1.8,0.219,0.305,0.397,0.702,0.268,666310
236,Sean Murphy,ATL,R,C,C,103,376,328,45.2,13.3,45.3,1.0,76.0,46.0,15.5,1.2,133.7,86.0,36.8,7.6,2.6,0.9,0.3,0.232,0.320,0.408,0.728,0.271,669221
237,Leody Taveras,TEX,S,OF,OF,114,375,341,45.7,9.5,41.8,14.5,85.2,56.5,17.0,2.2,135.1,79.6,29.1,1.4,2.7,1.3,3.5,0.250,0.308,0.396,0.704,0.297,665750
238,Austin Hays,CIN,R,OF,OF,103,374,342,45.3,11.4,43.6,4.3,86.4,48.0,26.4,0.6,148.3,90.9,23.2,5.3,2.6,1.2,1.3,0.252,0.307,0.433,0.740,0.309,669720
239,Starling Marte,NYM,R,OF,OF,100,373,341,41.2,8.1,39.5,13.5,88.9,64.3,14.4,2.1,131.6,79.8,24.0,5.9,2.6,0.9,2.9,0.261,0.319,0.386,0.705,0.316,9241
240,Connor Wong,BOS,R,C,C/1B,109,371,340,41.1,9.0,39.1,7.1,83.7,57.1,16.4,1.1,129.4,98.1,22.1,5.3,2.6,0.9,2.2,0.246,0.299,0.380,0.679,0.317,657136
241,Ryan Jeffers,MIN,R,C,C,106,370,329,46.2,14.1,44.5,3.4,76.2,45.0,16.3,0.8,136.3,84.1,31.1,7.6,2.6,1.2,0.9,0.232,0.310,0.414,0.725,0.266,680777
242,Hyeseong Kim,LAD,L,2B,2B,107,368,339,42.6,4.5,36.4,14.4,94.4,72.7,15.4,1.8,126.8,59.1,22.0,2.2,2.7,1.4,3.2,0.279,0.322,0.374,0.696,0.323,808975
243,Jo Adell,LAA,R,OF,OF,111,363,327,45.0,15.7,45.6,11.3,72.8,41.9,13.7,1.5,136.6,108.8,26.7,4.8,2.7,1.3,3.8,0.223,0.288,0.418,0.706,0.279,666176
244,Ernie Clement,TOR,R,SS/3B,2B/SS/ 3B,107,363,339,40.4,7.8,40.5,7.5,90.2,61.2,19.4,1.9,136.9,36.7,16.8,2.9,2.7,1.2,2.2,0.266,0.303,0.403,0.706,0.277,676391
245,Oswaldo Cabrera,NYY,S,3B,1B/2B/ SS/3B/OF,108,362,328,43.0,10.4,41.1,7.1,78.7,50.0,17.6,0.7,128.8,76.5,27.4,2.8,2.6,1.3,1.7,0.240,0.300,0.393,0.693,0.280,665828
246,Lenyn Sosa,CHW,R,2B/3B,2B/3B,101,360,337,36.3,11.2,41.6,3.0,84.2,54.1,18.5,0.4,137.1,74.1,16.4,2.5,2.4,0.7,1.0,0.250,0.286,0.407,0.693,0.287,672820
247,Wilmer Flores,SF,R,1B,1B,96,358,317,40.4,11.4,40.0,0.9,76.0,51.5,12.5,0.7,124.2,57.3,32.4,4.6,2.6,1.1,0.3,0.239,0.316,0.392,0.707,0.257,5827
248,Spencer Horwitz,PIT,L,1B/2B,1B/2B,92,356,304,40.3,7.7,37.0,2.2,80.6,51.5,20.6,0.7,125.7,67.8,45.2,4.6,2.3,0.7,0.7,0.265,0.366,0.413,0.780,0.315,687462
249,Jonah Heim,TEX,S,C,C,106,355,325,41.2,10.9,40.3,2.2,76.7,50.5,14.5,0.8,125.3,65.8,24.6,2.4,2.5,1.1,0.5,0.236,0.292,0.386,0.678,0.263,16930
250,Alejandro Kirk,TOR,R,C,C,99,355,313,41.1,8.2,39.2,0.9,84.0,56.8,18.2,0.7,128.4,44.8,35.0,3.5,2.3,0.7,0.2,0.268,0.345,0.410,0.756,0.289,672386
251,DJ LeMahieu,NYY,R,1B/3B,1B/3B,102,354,313,40.4,6.6,34.4,2.7,76.4,55.3,13.5,0.9,111.7,66.1,34.5,2.8,2.4,1.0,0.8,0.244,0.321,0.357,0.678,0.287,9874
252,Jordan Beck,COL,R,OF,OF,104,352,315,40.0,9.8,37.5,8.6,77.0,52.0,13.8,1.4,123.0,96.8,29.9,2.5,2.5,1.2,2.2,0.245,0.310,0.390,0.701,0.318,687597
253,Gio Urshela,ATH,R,1B/3B,1B/3B,102,345,319,36.9,6.7,35.9,1.3,82.6,59.2,15.8,1.0,120.4,59.5,19.6,2.1,2.6,1.1,0.4,0.259,0.303,0.377,0.680,0.297,10681
254,Mauricio Dubon,HOU,R,1B/2B/ OF,1B/2B/ SS/3B/OF,100,345,323,38.1,5.7,34.8,4.1,85.1,60.8,17.9,0.7,121.5,47.1,16.1,2.4,2.4,1.2,1.3,0.264,0.300,0.377,0.677,0.291,643289
255,Luis Campusano,SD,R,C,C,104,345,315,42.3,10.7,40.6,1.3,81.4,54.7,15.4,0.6,130.1,54.8,23.3,2.7,2.5,1.1,0.3,0.258,0.312,0.413,0.724,0.280,669134
256,Josh Rojas,CHW,L,3B,2B/3B,100,343,304,36.8,6.2,30.0,8.6,72.9,50.7,14.8,1.2,108.7,74.4,31.9,2.4,2.5,0.8,2.1,0.239,0.313,0.358,0.670,0.295,668942
257,Ivan Herrera,STL,R,C,C,99,339,290,40.4,7.6,34.1,4.5,73.6,50.1,14.7,1.2,113.4,71.3,41.3,4.2,2.5,1.1,1.3,0.254,0.351,0.391,0.742,0.309,671056
258,Jose Siri,NYM,R,OF,OF,99,332,304,37.3,12.6,38.3,11.8,62.2,37.0,11.5,1.1,113.8,118.2,22.0,3.5,2.4,1.1,2.8,0.204,0.264,0.374,0.638,0.282,642350
259,Trey Sweeney,DET,L,SS,SS,101,330,296,33.8,7.2,30.4,8.1,65.7,46.4,10.7,1.5,100.9,87.1,27.5,3.0,2.4,1.2,1.8,0.222,0.292,0.341,0.632,0.287,700242
260,Hunter Renfroe,KC,R,OF,OF,91,326,294,37.0,11.8,40.0,1.3,71.3,44.4,14.6,0.5,122.3,69.2,25.8,2.5,2.2,0.6,0.4,0.242,0.306,0.415,0.721,0.276,15464
261,Joey Bart,PIT,R,C,C,89,324,291,32.8,9.1,35.1,1.1,68.3,46.8,11.9,0.5,108.6,91.5,25.2,5.2,2.4,0.5,0.3,0.235,0.305,0.373,0.678,0.307,663698
262,Dylan Moore,SEA,R,2B/SS/ 3B/OF,1B/2B/ SS/3B/OF,98,321,275,34.3,7.6,29.1,19.2,55.4,32.6,13.5,1.8,95.4,93.3,35.0,7.9,2.3,1.1,4.5,0.202,0.306,0.348,0.654,0.272,664238
263,Richie Palacios,TB,L,2B/OF,2B/OF,90,320,275,34.6,5.2,28.5,9.7,65.5,45.3,13.7,1.4,97.6,60.0,38.4,4.2,2.2,0.8,2.4,0.238,0.338,0.354,0.692,0.284,680700
264,Danny Jansen,TB,R,C,C,90,319,281,35.9,12.0,37.2,0.8,62.4,36.8,13.2,0.4,112.5,65.9,30.9,4.7,2.4,0.6,0.2,0.222,0.307,0.400,0.707,0.245,16535
265,Hunter Goodman,COL,R,C/OF,C/1B/ OF,94,312,287,38.0,14.6,41.9,2.5,68.1,39.3,13.0,1.1,127.1,81.1,18.4,3.2,2.2,1.0,0.7,0.238,0.288,0.444,0.731,0.277,696100
266,Jake Fraley,CIN,L,OF,OF,91,311,276,37.2,9.0,35.2,13.0,70.5,46.0,14.6,0.9,113.8,60.7,29.3,3.4,2.3,0.5,3.6,0.256,0.332,0.413,0.744,0.295,641584
267,Mark Canha,FA,R,1B/OF,1B/OF,85,305,264,33.0,6.2,29.8,3.7,64.9,44.9,13.3,0.4,97.7,60.3,30.0,8.4,2.1,0.6,0.9,0.245,0.338,0.370,0.708,0.294,11445
268,Pavin Smith,ARI,L,OF,1B/OF,86,304,266,34.7,8.6,32.9,1.8,65.4,44.6,11.3,1.0,104.5,67.2,34.4,1.8,2.1,0.8,0.5,0.246,0.334,0.393,0.728,0.296,656976
269,Derek Hill,MIA,R,OF,OF,85,303,279,29.4,6.6,30.3,6.9,67.9,46.9,12.0,2.4,104.5,81.6,18.6,2.6,2.3,1.1,2.0,0.243,0.294,0.375,0.670,0.318,656537
270,Jhonkensy Noel,CLE,R,OF,1B/OF,87,303,275,34.9,13.7,39.6,1.1,63.2,35.7,12.9,0.9,119.1,79.5,19.6,4.7,2.1,0.7,0.3,0.230,0.290,0.433,0.722,0.269,678877
271,Miguel Andujar,ATH,R,OF,OF,83,301,277,33.3,6.5,33.7,3.2,73.9,51.5,15.1,0.8,110.2,45.5,18.5,2.1,2.0,0.6,1.0,0.267,0.315,0.398,0.712,0.297,609280
272,Johan Rojas,PHI,R,OF,OF,94,298,277,33.5,4.6,29.6,18.0,69.7,49.4,13.5,2.3,101.6,57.0,14.9,3.4,2.1,1.1,3.6,0.252,0.295,0.367,0.662,0.299,679032
273,Mickey Moniak,LAA,L,OF,OF,86,297,276,33.0,10.3,34.5,5.8,63.8,39.1,12.8,1.6,110.8,86.1,14.6,3.0,2.0,0.8,1.9,0.231,0.274,0.402,0.676,0.295,666160
274,Tyler Black,MIL,L,DH,1B,87,297,256,32.4,6.6,28.5,9.4,58.3,38.8,10.6,2.4,93.5,68.0,33.7,4.8,2.1,0.6,2.6,0.228,0.327,0.365,0.692,0.282,672012
275,Oswald Peraza,NYY,R,3B,2B/3B,90,296,265,34.0,8.4,31.9,9.9,60.6,40.2,11.4,0.5,98.4,69.9,22.8,4.8,2.1,0.9,2.6,0.229,0.298,0.371,0.670,0.276,672724
276,Thomas Saggese,STL,R,2B,2B/3B,87,296,273,30.4,7.5,30.9,3.3,64.9,42.6,13.6,1.2,103.3,70.5,15.9,4.1,2.1,0.8,1.0,0.238,0.287,0.378,0.665,0.291,695336
277,Whit Merrifield,FA,R,2B/OF,2B/3B/ OF,85,295,269,30.6,4.5,26.8,11.4,66.0,48.1,12.1,1.4,94.3,50.0,21.6,2.1,2.0,0.9,2.6,0.245,0.304,0.351,0.655,0.284,11281
278,Brady House,WSH,R,3B,3B,88,295,274,29.4,7.3,28.9,2.6,61.7,41.3,12.3,0.7,97.5,80.6,14.1,3.5,2.1,0.9,0.7,0.225,0.269,0.356,0.625,0.289,691781
279,Nolan Gorman,STL,L,2B,2B,86,294,263,33.5,12.9,36.0,3.7,57.5,33.9,10.4,0.3,107.2,93.6,26.6,2.1,2.1,0.6,1.1,0.219,0.293,0.408,0.701,0.282,669357
280,Tirso Ornelas,SD,L,OF,OF,87,291,263,30.4,6.7,30.4,3.5,63.4,40.0,16.0,0.7,100.9,60.5,22.5,2.0,2.1,1.1,0.8,0.241,0.303,0.383,0.686,0.287,672359
281,Jose Tena,WSH,L,3B,2B/3B,87,291,268,28.7,6.5,29.6,6.4,67.3,45.2,14.7,0.9,103.3,74.3,16.8,2.0,2.2,1.0,2.1,0.250,0.296,0.385,0.681,0.320,677588
282,Mitch Garver,SEA,R,C,C,84,289,250,31.3,10.5,31.4,0.7,51.8,30.4,10.6,0.3,94.5,82.1,32.4,3.5,2.0,0.6,0.2,0.207,0.304,0.378,0.683,0.259,15161
283,Juan Brito,CLE,S,2B,2B,87,289,254,31.9,6.1,28.0,3.8,58.6,36.1,16.0,0.4,93.7,55.6,30.1,2.9,2.0,0.8,1.2,0.231,0.317,0.370,0.686,0.271,682877
284,Heston Kjerstad,BAL,L,OF,OF,84,288,257,34.4,9.6,34.9,1.8,63.4,39.3,13.7,0.9,107.6,74.6,22.3,5.2,2.0,0.7,0.5,0.246,0.316,0.418,0.734,0.307,677008
285,Jace Jung,DET,L,3B,3B,87,288,249,29.6,6.9,27.0,1.8,55.6,38.6,9.3,0.8,87.0,74.0,34.5,2.3,2.0,0.7,0.5,0.223,0.321,0.349,0.670,0.286,690291
286,Blake Perkins,MIL,S,OF,OF,85,285,250,29.4,5.5,25.8,10.8,57.4,39.9,10.8,1.3,87.1,72.7,30.3,2.4,2.0,0.8,2.7,0.229,0.316,0.348,0.664,0.298,663368
287,Caleb Durbin,MIL,R,SS,SS,87,285,251,30.8,4.6,26.0,12.1,60.9,42.8,12.5,1.0,89.1,38.8,26.7,5.7,2.0,0.8,3.1,0.243,0.327,0.355,0.682,0.269,702332
288,Jonathan Aranda,TB,L,1B,1B,84,284,248,32.5,8.5,31.0,1.1,61.2,40.4,11.6,0.7,99.6,74.8,29.6,4.3,2.0,0.7,0.3,0.246,0.335,0.402,0.736,0.316,666018
289,Chris Taylor,LAD,R,2B/3B/ OF,2B/3B/ OF,83,282,248,31.1,6.4,28.0,6.3,53.4,32.8,13.2,1.0,87.6,88.6,28.1,2.9,2.0,0.8,1.4,0.216,0.300,0.354,0.653,0.304,13757
290,Seth Brown,ATH,L,1B/OF,1B/OF,85,282,258,31.2,10.3,34.4,3.1,59.5,37.4,10.8,0.9,103.0,76.1,19.8,2.0,1.9,0.6,0.9,0.231,0.288,0.400,0.688,0.284,664913
291,Tyrone Taylor,NYM,R,OF,OF,85,281,258,32.2,8.3,32.2,6.3,60.5,37.2,13.5,1.4,101.7,65.4,16.5,4.1,2.0,0.8,1.6,0.234,0.288,0.394,0.682,0.279,621438
292,Josh H. Smith,TEX,L,SS/3B,SS/3B/ OF,87,280,246,33.7,6.2,28.9,4.5,60.1,39.8,13.3,0.7,93.5,58.1,25.6,6.5,1.9,0.7,1.3,0.245,0.329,0.380,0.710,0.294,669701
293,Jose Caballero,TB,R,2B/SS/ 3B,2B/SS/ 3B,87,280,248,28.4,4.9,24.6,23.1,54.9,37.4,11.8,0.7,83.0,71.6,23.4,6.1,2.0,0.8,6.1,0.221,0.301,0.334,0.635,0.287,676609
294,Darell Hernaiz,ATH,R,3B,SS/3B,91,277,253,31.7,4.3,27.3,5.0,63.7,45.3,13.3,0.7,91.5,48.6,18.4,2.2,2.0,0.9,1.4,0.251,0.305,0.361,0.666,0.293,687231
295,Taylor Trammell,HOU,L,OF,OF,85,273,237,31.5,8.7,28.8,6.8,49.1,30.8,8.7,0.9,85.8,86.5,29.4,2.7,2.0,0.8,2.1,0.207,0.298,0.361,0.659,0.281,666211
296,Miguel Amaya,CHC,R,C,C,85,272,242,32.3,7.2,28.8,1.7,58.4,39.6,10.4,1.2,92.8,56.5,21.3,5.0,2.0,1.0,0.4,0.241,0.312,0.383,0.695,0.284,665804
297,Sam Hilliard,COL,L,OF,OF,85,270,239,32.1,9.6,31.2,6.9,56.3,36.0,8.7,1.9,97.7,82.8,24.8,1.6,2.0,1.0,1.7,0.235,0.307,0.408,0.714,0.313,656541
298,Jake Rogers,DET,R,C,C,85,269,244,29.5,8.9,28.7,1.4,51.4,31.9,9.9,0.7,89.5,78.9,20.0,2.7,2.0,1.0,0.4,0.211,0.275,0.366,0.642,0.269,668670
299,Alek Thomas,ARI,L,OF,OF,84,268,246,32.7,7.3,30.8,6.0,62.9,42.1,11.6,1.9,100.0,49.7,17.8,2.1,2.0,0.8,1.8,0.256,0.309,0.407,0.716,0.291,677950
300,Nick Fortes,MIA,R,C,C,85,264,242,28.2,5.8,25.6,3.4,57.0,39.7,11.0,0.5,86.4,42.3,15.4,4.0,1.9,1.0,0.8,0.235,0.289,0.357,0.645,0.261,663743
301,Korey Lee,CHW,R,C,C,85,263,244,26.6,7.5,26.4,5.5,51.8,31.8,12.0,0.7,87.5,78.4,13.6,1.9,1.9,0.9,1.3,0.212,0.256,0.358,0.613,0.277,686676
302,Austin Slater,CHW,R,OF,OF,76,260,227,28.3,6.3,23.1,5.0,51.1,33.7,10.6,0.5,81.6,75.9,25.6,3.9,1.7,0.8,1.1,0.225,0.310,0.359,0.669,0.305,596103
303,Edouard Julien,MIN,L,2B,2B,73,256,218,30.6,6.3,23.5,3.5,48.3,31.3,10.1,0.6,78.6,81.1,34.6,2.0,1.7,0.9,0.8,0.221,0.332,0.361,0.693,0.318,666397
304,Will Wagner,TOR,L,2B,2B,79,256,225,29.9,4.0,25.9,1.7,60.7,41.2,14.6,0.9,89.3,46.2,26.0,2.6,2.0,0.4,0.5,0.270,0.349,0.397,0.746,0.321,695238
305,Carson Kelly,CHC,R,C,C,78,254,226,28.4,6.8,26.2,1.4,52.4,36.1,8.8,0.8,83.0,52.3,22.3,3.1,1.8,0.8,0.4,0.232,0.307,0.368,0.674,0.271,13620
306,Endy Rodriguez,PIT,S,C,C,73,250,225,26.5,5.3,25.1,2.0,55.6,36.0,13.0,1.2,87.0,48.0,20.9,2.3,1.7,0.6,0.6,0.247,0.316,0.387,0.703,0.290,682848
307,Amed Rosario,WSH,R,2B/OF,2B/SS/ 3B/OF,72,248,233,25.2,3.5,23.2,7.5,61.4,44.4,11.5,2.0,87.5,46.3,10.9,2.1,1.7,0.6,1.8,0.264,0.300,0.377,0.676,0.314,642708
308,Spencer Torkelson,DET,R,1B,1B,73,247,217,26.4,8.3,27.3,0.7,47.5,28.2,10.6,0.5,83.8,66.3,25.2,2.4,1.7,0.4,0.2,0.219,0.305,0.385,0.690,0.272,679529
309,Bryan De La Cruz,ATL,R,OF,OF,73,245,227,27.1,7.6,29.0,2.1,55.7,37.2,10.7,0.2,89.8,63.4,14.4,1.5,1.7,0.5,0.7,0.245,0.292,0.395,0.687,0.304,650559
310,Rowdy Tellez,FA,L,1B,1B,71,243,219,27.6,9.2,29.9,0.8,51.2,32.3,9.3,0.4,88.9,54.2,20.7,1.7,1.7,0.4,0.3,0.234,0.303,0.406,0.709,0.267,15679
311,Brendan Rodgers,FA,R,2B,2B,70,243,223,25.3,5.5,25.2,0.7,54.9,37.2,11.7,0.6,84.2,56.2,15.8,2.1,1.7,0.5,0.2,0.246,0.299,0.377,0.677,0.303,663898
312,Kyle Higashioka,TEX,R,C,C,78,242,224,28.9,10.4,30.4,2.0,48.9,29.2,8.6,0.7,90.1,64.1,14.1,1.5,1.8,0.9,0.5,0.219,0.267,0.402,0.669,0.254,5517
313,Eloy Jimenez,TB,R,DH,DH,69,242,222,27.3,8.0,29.8,1.1,57.9,38.7,10.8,0.3,93.5,50.7,17.4,1.7,1.6,0.3,0.3,0.261,0.318,0.422,0.740,0.303,650391
314,Manuel Margot,FA,R,OF,OF,71,241,221,26.4,3.8,22.7,4.1,57.8,41.4,11.9,0.8,82.6,40.8,15.7,2.1,1.6,0.7,1.3,0.261,0.314,0.374,0.687,0.303,14712
315,Freddy Fermin,KC,R,C,C,71,241,217,26.2,5.9,26.0,1.2,55.2,39.1,9.7,0.5,83.6,47.2,18.7,1.9,1.7,0.5,0.3,0.254,0.315,0.385,0.700,0.297,666023
316,Adam Frazier,PIT,L,2B/OF,2B/3B/ OF,71,240,218,24.3,3.2,20.4,3.9,52.9,36.9,11.8,1.0,76.3,39.3,17.2,2.9,1.7,0.7,1.3,0.243,0.305,0.351,0.656,0.281,15223
317,Jose Abreu,FA,R,1B,1B,71,239,217,24.9,6.2,25.8,0.8,52.2,35.5,10.0,0.5,81.8,52.3,16.9,2.9,1.7,0.4,0.2,0.240,0.301,0.376,0.677,0.287,15676
318,Enrique Hernandez,LAD,R,3B/OF,1B/2B/ SS/3B/OF,72,238,216,27.3,6.4,27.2,1.3,52.1,32.2,12.8,0.7,85.5,45.4,17.4,1.6,1.7,0.6,0.4,0.242,0.300,0.396,0.696,0.276,10472
319,Travis d'Arnaud,LAA,R,C,C,71,237,216,26.9,9.1,29.1,0.9,50.8,31.4,10.0,0.4,88.8,58.7,15.3,3.6,1.7,0.5,0.3,0.235,0.294,0.412,0.706,0.279,7739
320,Roman Anthony,BOS,L,OF,OF,66,237,206,27.7,5.2,24.0,4.8,50.4,32.5,11.6,1.1,79.7,62.2,26.0,1.7,1.7,0.7,1.4,0.244,0.330,0.386,0.716,0.321,701350
321,Will Brennan,CLE,L,OF,OF,71,236,218,24.4,4.3,24.5,4.9,59.4,40.1,14.0,0.9,88.3,34.6,13.8,2.1,1.6,0.5,1.5,0.272,0.318,0.404,0.722,0.304,686823
322,Davis Schneider,TOR,R,2B/OF,2B/OF,73,235,203,26.9,7.0,25.1,2.8,43.5,24.3,11.5,0.6,77.3,68.4,27.2,2.8,1.6,0.6,0.7,0.214,0.312,0.382,0.694,0.283,676914
323,Adam Duvall,FA,R,OF,OF,70,234,214,24.9,9.2,27.6,1.1,44.9,26.2,9.0,0.5,82.6,71.2,15.1,3.2,1.6,0.5,0.3,0.210,0.270,0.386,0.656,0.264,10950
324,Jarred Kelenic,ATL,L,OF,OF,71,234,210,27.9,7.6,27.4,4.9,49.6,30.6,10.3,1.0,84.8,64.5,19.9,1.6,1.7,0.8,1.6,0.236,0.304,0.403,0.707,0.300,672284
325,David Peralta,FA,L,OF,OF,71,233,212,24.7,5.0,23.9,1.8,53.0,35.9,11.5,0.6,80.6,49.2,16.7,2.1,1.6,0.6,0.6,0.249,0.308,0.380,0.687,0.300,2136
326,Paul DeJong,WSH,R,SS/3B,SS/3B,71,231,211,23.3,8.3,25.0,2.0,43.2,26.4,8.3,0.2,76.8,72.1,14.4,3.2,1.6,0.6,0.7,0.205,0.263,0.363,0.626,0.264,657557
327,Harrison Bader,MIN,R,OF,OF,71,231,213,24.8,5.6,24.5,10.0,51.9,34.3,11.4,0.6,81.3,47.6,12.8,3.0,1.6,0.7,2.7,0.244,0.293,0.381,0.674,0.287,664056
328,Dillon Dingler,DET,R,C,C,71,231,209,24.3,6.2,23.2,2.0,46.5,30.0,9.4,0.9,76.3,64.4,16.4,2.9,1.6,0.7,0.5,0.222,0.285,0.364,0.649,0.287,693307
329,Dane Myers,MIA,R,OF,OF,70,230,209,23.4,5.0,21.5,4.7,50.0,35.1,9.1,0.9,75.8,63.8,16.0,3.2,1.6,0.6,1.3,0.240,0.301,0.363,0.665,0.319,667472
330,Brandon Drury,CHW,R,2B,1B/2B/ 3B,69,229,209,23.5,7.1,25.3,1.0,48.4,29.1,11.6,0.6,82.3,53.9,14.4,3.0,1.6,0.4,0.3,0.231,0.287,0.393,0.680,0.276,11615
331,Victor Caratini,HOU,S,C,C/1B,71,229,203,26.4,6.3,24.9,1.3,50.0,35.7,7.2,0.8,77.9,46.9,19.2,3.6,1.6,0.6,0.4,0.246,0.319,0.383,0.702,0.289,605170
332,Connor Joe,SD,R,1B/OF,1B/OF,72,229,199,26.2,5.5,23.0,2.3,45.4,28.7,10.5,0.8,73.8,55.0,24.1,3.2,1.6,0.4,0.8,0.228,0.318,0.371,0.689,0.285,656582
333,Donovan Solano,SEA,R,1B/3B,1B/3B,71,228,206,22.6,3.5,20.6,1.2,51.9,37.3,10.7,0.4,74.0,50.7,16.1,3.9,1.6,0.5,0.3,0.252,0.315,0.359,0.674,0.315,8623
334,Javier Baez,DET,R,SS,SS,70,228,212,23.1,5.9,23.5,4.4,49.5,33.7,9.1,0.9,78.0,53.4,11.0,2.4,1.6,0.6,1.1,0.233,0.276,0.367,0.644,0.282,12979
335,David Fry,CLE,R,C/1B/ OF,C/1B/ OF,71,228,201,26.4,6.9,25.4,2.2,48.7,29.9,11.2,0.7,82.1,53.3,20.9,4.1,1.6,0.4,0.6,0.243,0.323,0.408,0.731,0.293,681807
336,Elias Diaz,SD,R,C,C,71,227,208,23.1,5.2,22.4,0.5,47.0,31.6,9.7,0.4,73.1,53.7,14.8,1.8,1.6,0.6,0.2,0.226,0.281,0.352,0.633,0.278,11680
337,Jason Heyward,SD,L,OF,OF,69,224,201,25.1,6.6,25.2,2.8,46.7,27.4,11.9,0.8,79.9,48.2,18.1,2.7,1.6,0.6,0.8,0.233,0.301,0.398,0.700,0.272,4940
338,Yasmani Grandal,FA,S,C,C,70,224,196,25.0,6.2,23.3,1.1,46.0,31.6,7.9,0.3,73.1,47.2,23.8,1.9,1.6,0.6,0.3,0.234,0.320,0.372,0.692,0.275,11368
339,Kevin Newman,LAA,R,2B/SS,2B/SS,71,224,207,22.9,2.4,19.6,4.9,50.8,37.6,9.9,0.8,69.6,38.4,12.5,1.9,1.6,0.7,1.2,0.245,0.291,0.336,0.627,0.288,621028
340,James McCann,FA,R,C,C,71,223,205,23.7,5.9,22.8,2.3,46.3,31.1,8.9,0.4,73.8,57.9,12.7,3.0,1.6,0.8,0.6,0.226,0.277,0.359,0.637,0.282,12859
341,Eguy Rosario,SD,R,3B,3B,71,223,200,26.0,7.1,25.0,5.3,45.8,27.1,10.7,1.0,79.7,56.5,18.4,2.3,1.6,0.7,1.6,0.230,0.299,0.399,0.698,0.282,666703
342,Jordan Lawlar,ARI,R,SS,SS,64,223,198,25.0,4.8,22.2,6.7,48.2,33.7,8.4,1.3,73.6,54.3,19.3,2.9,1.6,0.7,1.8,0.243,0.316,0.371,0.687,0.307,691783
343,Christian Vazquez,MIN,R,C,C,71,222,206,22.9,4.2,21.2,2.1,48.9,34.7,9.6,0.3,71.8,47.1,12.2,1.6,1.6,0.8,0.7,0.237,0.282,0.348,0.630,0.285,9774
344,Max Schuemann,ATH,R,SS/3B,2B/SS/ 3B/OF,73,221,194,23.2,3.0,18.3,5.8,40.8,28.7,8.5,0.6,59.3,60.9,21.6,3.6,1.6,0.8,1.4,0.211,0.298,0.307,0.605,0.288,680474
345,Joshua Palacios,PIT,L,OF,OF,71,220,199,25.4,5.3,22.9,4.2,50.3,33.2,11.1,0.7,78.8,46.8,16.6,2.4,1.5,0.6,1.2,0.253,0.316,0.396,0.712,0.303,641943
346,Ben Rortvedt,TB,L,C,C,71,220,193,22.5,4.4,19.4,1.2,41.4,28.5,8.1,0.4,63.5,59.6,21.5,2.6,1.6,0.7,0.3,0.214,0.299,0.329,0.627,0.283,666163
347,Robbie Grossman,FA,S,OF,OF,65,219,189,23.3,4.5,19.7,1.9,40.9,27.2,8.7,0.4,64.0,56.7,26.3,2.0,1.5,0.5,0.5,0.216,0.315,0.339,0.654,0.281,5254
348,Jon Berti,CHC,R,SS/3B,SS/3B,69,219,197,24.0,3.1,18.9,9.3,48.1,36.6,7.4,1.0,66.8,47.4,17.9,1.9,1.5,0.7,2.2,0.244,0.310,0.339,0.648,0.303,12037
349,Alex Call,WSH,R,OF,OF,70,219,187,24.5,4.9,20.3,5.7,42.0,27.6,9.0,0.5,66.8,45.1,26.3,3.2,1.5,0.7,1.7,0.225,0.326,0.357,0.683,0.268,669743
350,Jerar Encarnacion,SF,R,OF,OF,65,215,192,24.1,7.7,23.9,1.5,44.4,29.9,6.3,0.5,74.8,71.7,19.0,1.5,1.5,0.5,0.4,0.231,0.302,0.389,0.692,0.320,666464
351,Blaze Alexander,ARI,R,SS,2B/SS/ 3B,65,214,193,22.3,3.7,19.3,2.7,44.3,31.7,7.8,1.0,65.3,64.8,15.8,3.4,1.5,0.7,0.8,0.229,0.296,0.338,0.634,0.321,677942
352,Cole Young,SEA,L,SS,SS,66,211,186,21.4,2.9,17.8,4.6,42.7,28.2,11.1,0.5,63.5,41.8,20.2,2.5,1.5,0.6,1.4,0.229,0.310,0.341,0.652,0.279,702284
353,Nick Loftin,KC,R,2B,1B/2B/ 3B,65,210,186,22.8,3.8,20.2,2.6,46.4,33.4,8.8,0.4,67.5,35.1,18.7,2.4,1.5,0.6,0.7,0.249,0.322,0.362,0.684,0.286,679845
354,Andy Pages,LAD,R,OF,OF,65,210,189,26.9,7.9,27.1,1.9,46.7,26.3,12.0,0.6,83.4,48.7,16.3,2.9,1.5,0.5,0.6,0.247,0.314,0.442,0.756,0.291,681624
355,Tyler Wade,SD,L,2B/SS/ 3B/OF,2B/SS/ 3B/OF,65,209,188,20.4,2.0,16.5,9.7,41.5,29.4,9.6,0.5,58.1,50.6,16.5,1.9,1.5,0.7,2.5,0.220,0.287,0.309,0.595,0.289,15730
356,Orelvis Martinez,TOR,R,2B,2B,65,209,188,24.5,7.8,24.8,1.0,41.1,22.9,10.0,0.4,75.3,53.3,15.9,2.5,1.5,0.6,0.3,0.219,0.285,0.400,0.685,0.259,682619
357,Agustin Ramirez,MIA,R,C,C,64,208,187,22.2,5.5,20.8,3.7,42.9,28.0,8.9,0.6,69.5,44.2,17.3,2.0,1.5,0.6,1.0,0.230,0.299,0.372,0.671,0.270,682663
358,Addison Barger,TOR,L,3B/OF,3B/OF,65,206,184,23.2,5.7,22.8,2.0,42.8,25.3,11.5,0.3,72.0,51.1,18.4,1.9,1.4,0.5,0.6,0.233,0.306,0.392,0.698,0.289,680718
359,Luis Matos,SF,R,OF,OF,65,206,188,22.4,5.3,21.8,3.0,46.7,32.8,8.1,0.6,71.9,28.2,13.0,2.4,1.4,0.6,0.8,0.249,0.303,0.382,0.684,0.265,682641
360,Gary Sanchez,BAL,R,C,C,63,205,181,23.1,7.9,24.1,0.7,38.8,24.4,5.9,0.5,69.4,54.7,18.4,3.0,1.4,0.5,0.2,0.214,0.295,0.384,0.678,0.258,11442
361,Matt Mervis,MIA,L,DH,1B,65,203,181,21.3,6.5,20.9,1.3,39.4,25.2,7.2,0.4,67.1,57.3,18.1,2.6,1.4,0.6,0.4,0.218,0.297,0.371,0.668,0.279,670223
362,Adrian Del Castillo,ARI,L,C,C,63,203,182,23.2,5.6,22.1,1.1,43.6,28.3,8.9,0.8,70.8,48.8,18.3,1.6,1.4,0.6,0.3,0.240,0.313,0.390,0.703,0.295,680728
363,Pedro Pages,STL,R,C,C,64,203,183,21.8,5.1,20.2,1.4,41.2,27.8,7.3,1.0,65.8,52.1,16.1,1.6,1.5,0.7,0.4,0.225,0.291,0.359,0.650,0.284,686780
364,Miguel Rojas,LAD,R,SS,2B/SS/ 3B,63,202,185,23.0,3.3,21.0,4.0,48.0,32.6,11.7,0.4,70.5,24.1,12.1,2.2,1.4,0.6,1.0,0.259,0.308,0.381,0.689,0.280,7802
365,Ben Gamel,HOU,L,OF,OF,64,202,174,22.6,4.5,19.8,1.4,40.5,28.1,7.1,0.8,62.6,53.5,23.5,1.6,1.5,0.7,0.5,0.232,0.324,0.359,0.683,0.305,12160
366,Kyle Farmer,COL,R,2B/3B,2B/SS/ 3B,63,202,184,22.6,4.9,21.2,3.3,46.9,33.4,7.7,0.9,71.2,40.6,12.3,3.8,1.4,0.5,1.2,0.255,0.311,0.387,0.698,0.300,14813
367,Ramon Urias,BAL,R,3B,3B,64,201,181,23.1,4.9,21.8,1.5,45.8,32.6,7.3,1.0,70.1,44.1,14.5,2.8,1.4,0.6,0.4,0.253,0.315,0.387,0.702,0.307,602104
368,Ramon Laureano,BAL,R,OF,OF,63,201,181,21.6,5.6,21.5,4.3,41.5,27.6,7.4,1.0,67.6,56.9,13.3,3.8,1.4,0.4,1.3,0.229,0.292,0.373,0.665,0.299,657656
369,Sean Bouchard,COL,R,OF,OF,63,199,173,23.9,6.0,21.9,4.1,41.8,26.5,7.6,1.7,70.9,55.0,21.5,2.4,1.4,0.6,1.1,0.242,0.330,0.410,0.739,0.316,656248
370,Taylor Walls,TB,S,SS,SS,62,196,170,19.7,3.1,16.1,9.6,34.6,23.2,6.9,1.4,53.6,49.6,22.9,1.1,1.4,0.7,2.1,0.204,0.299,0.316,0.615,0.266,670764
371,Joey Gallo,CHW,L,1B,1B/OF,62,195,164,20.6,8.2,20.7,1.9,28.5,15.1,4.9,0.3,58.6,74.4,26.6,1.9,1.4,0.5,0.5,0.174,0.293,0.359,0.651,0.247,14128
372,Drew Romo,COL,S,C,C,64,194,180,21.5,4.4,20.2,2.5,44.8,31.5,7.7,1.2,68.1,38.5,9.3,2.0,1.4,0.7,0.7,0.249,0.290,0.378,0.668,0.292,691011
373,Jacob Stallings,COL,R,C,C,64,192,169,21.6,4.2,18.9,1.1,40.2,28.3,7.2,0.5,60.9,44.7,17.1,3.0,1.4,0.7,0.3,0.238,0.315,0.360,0.675,0.297,13723
374,Grant McCray,SF,L,OF,OF,65,191,173,20.5,4.2,18.4,5.2,37.7,24.2,7.9,1.4,61.1,61.4,14.4,1.7,1.4,0.6,1.3,0.218,0.282,0.353,0.635,0.309,687529
375,Michael A. Taylor,CHW,R,OF,OF,64,189,172,18.7,5.3,18.2,4.9,35.8,23.4,6.7,0.5,59.3,62.5,12.8,1.3,1.4,0.6,1.2,0.208,0.265,0.344,0.609,0.288,11489
376,Jose Trevino,CIN,R,C,C,62,189,174,22.2,5.6,21.7,1.6,42.7,27.1,9.7,0.4,69.9,33.6,11.2,1.7,1.4,0.7,0.5,0.245,0.294,0.401,0.695,0.272,624431
377,Jose Iglesias,FA,R,2B/3B,2B/SS/ 3B,58,186,174,19.7,2.7,17.8,2.1,47.1,34.1,9.7,0.5,66.0,29.9,8.0,2.4,1.3,0.5,0.6,0.271,0.308,0.379,0.687,0.311,10231
378,Jake Mangum,TB,S,OF,OF,58,182,169,17.9,2.0,16.1,4.3,43.2,31.2,9.2,0.9,59.9,38.2,8.4,2.0,1.3,0.5,1.2,0.254,0.296,0.354,0.649,0.316,663968
379,Randal Grichuk,ARI,R,OF,OF,56,178,164,20.3,5.3,20.6,0.8,41.8,28.0,7.6,0.8,67.0,37.6,10.5,2.0,1.3,0.3,0.3,0.255,0.306,0.409,0.715,0.299,10243
380,Tyler Locklear,SEA,R,1B,1B,58,178,157,18.8,4.9,17.5,1.8,34.3,21.2,7.5,0.6,57.8,51.1,15.5,3.3,1.2,0.5,0.5,0.219,0.300,0.369,0.669,0.288,682988
381,Will Benson,CIN,L,OF,OF,58,177,152,21.8,5.5,18.8,7.9,31.9,17.4,7.8,1.1,58.4,59.2,22.1,1.8,1.3,0.6,2.1,0.210,0.315,0.385,0.700,0.298,666181
382,Dairon Blanco,KC,R,OF,OF,58,175,158,19.7,3.5,17.6,22.6,40.3,28.9,6.9,1.0,59.7,42.3,12.1,2.6,1.2,0.5,5.2,0.255,0.315,0.378,0.694,0.324,680118
383,Graham Pauley,MIA,L,3B,1B/3B,58,174,156,18.1,4.7,17.2,2.2,35.3,23.5,6.6,0.5,56.8,41.7,14.6,1.9,1.2,0.5,0.6,0.226,0.298,0.364,0.662,0.276,688363
384,Michael Siani,STL,L,OF,OF,57,173,153,18.2,2.4,14.2,7.5,33.4,24.4,5.6,0.9,48.0,42.8,16.1,1.4,1.2,0.6,1.7,0.218,0.295,0.313,0.608,0.283,672279
385,Travis Jankowski,FA,L,OF,OF,57,172,152,17.0,1.5,13.7,6.8,36.0,27.2,6.7,0.5,48.2,34.7,16.7,2.1,1.2,0.5,1.6,0.237,0.318,0.318,0.636,0.295,13768
386,Andy Ibanez,DET,R,2B,1B/2B/ 3B,57,171,157,17.6,3.4,16.5,1.9,38.0,26.0,8.0,0.6,57.5,35.5,11.6,1.6,1.2,0.5,0.6,0.242,0.299,0.367,0.666,0.291,628451
387,Trent Grisham,NYY,L,OF,OF,58,171,147,21.4,5.6,19.2,3.2,30.7,17.1,7.7,0.3,55.9,46.4,19.5,2.2,1.2,0.6,0.8,0.209,0.308,0.381,0.688,0.261,663757
388,Kevin Pillar,FA,R,OF,OF,57,168,155,18.1,4.6,18.0,4.2,35.9,23.4,7.4,0.5,58.1,38.5,8.8,2.6,1.2,0.3,1.3,0.231,0.281,0.374,0.655,0.276,12434
389,Tyler Heineman,TOR,S,C,C,57,168,148,17.1,1.9,13.7,2.7,30.9,22.0,6.3,0.7,44.4,37.0,15.9,2.7,1.2,0.5,0.7,0.209,0.295,0.301,0.596,0.264,13897
390,Luke Maile,KC,R,C,C,56,166,147,17.6,2.8,14.9,2.3,32.3,22.4,6.6,0.4,48.3,44.6,13.6,2.7,1.2,0.6,0.5,0.219,0.293,0.328,0.621,0.292,13355
391,Oliver Dunn,MIL,L,3B,3B,56,165,145,17.9,4.2,15.8,3.8,30.4,19.1,6.1,1.1,51.2,55.8,17.0,1.8,1.2,0.6,0.8,0.210,0.298,0.354,0.652,0.305,686554
392,Austin Hedges,CLE,R,C,C,57,163,150,15.0,3.1,13.6,2.0,28.3,19.7,5.2,0.3,43.4,45.2,9.8,2.1,1.2,0.6,0.5,0.189,0.246,0.291,0.537,0.246,12976
393,Tom Murphy,SF,R,C,C,55,162,144,17.1,4.4,16.2,1.3,32.3,22.0,5.3,0.5,51.8,44.4,14.8,1.5,1.2,0.5,0.4,0.224,0.300,0.359,0.659,0.289,13499
394,Chase DeLauter,CLE,L,OF,OF,51,161,146,19.3,4.8,18.7,1.9,38.1,23.2,9.7,0.4,63.0,30.0,12.4,1.5,1.1,0.5,0.5,0.261,0.322,0.432,0.754,0.297,800050
395,Joey Wiemer,KC,R,OF,OF,52,158,141,17.1,3.3,14.8,3.9,30.4,20.3,6.4,0.4,47.5,44.5,14.3,1.5,1.1,0.5,1.0,0.216,0.291,0.337,0.628,0.288,686894
396,Jon Singleton,HOU,L,1B,1B,51,157,135,17.5,5.1,17.0,0.5,29.0,19.0,4.4,0.5,49.8,44.1,19.7,0.6,1.1,0.3,0.1,0.216,0.315,0.370,0.684,0.276,572138
397,Eddie Rosario,LAD,L,OF,OF,51,156,144,16.8,5.1,18.1,2.8,32.2,20.1,6.5,0.6,55.1,38.1,9.4,0.8,1.1,0.3,0.8,0.223,0.272,0.383,0.655,0.266,12155
398,Rob Refsnyder,BOS,R,OF,OF,50,155,135,18.8,4.1,16.4,2.1,34.7,23.7,6.4,0.5,54.4,38.9,15.5,2.6,1.1,0.4,0.6,0.257,0.342,0.403,0.745,0.329,13770
399,Zach McKinstry,DET,L,SS/3B/ OF,2B/SS/ 3B/OF,51,154,139,16.0,2.7,13.5,5.0,32.0,22.8,5.0,1.5,48.1,33.1,12.6,1.4,1.0,0.5,1.3,0.230,0.298,0.346,0.644,0.281,656716
400,Nelson Velazquez,KC,R,OF,OF,51,153,137,17.7,5.7,18.2,2.1,31.1,19.0,5.9,0.6,55.2,41.8,13.1,1.6,1.1,0.3,0.6,0.227,0.299,0.403,0.701,0.280,676369
401,Luis Torrens,NYM,R,C,C,50,152,139,16.4,4.0,15.8,1.4,31.0,20.7,6.1,0.3,49.5,40.1,10.7,1.6,1.1,0.5,0.4,0.223,0.284,0.356,0.640,0.282,620443
402,Jared Triolo,PIT,R,2B/3B,1B/2B/ SS/3B,51,152,133,15.4,2.4,13.2,2.8,32.2,23.5,5.8,0.5,46.4,38.7,15.4,1.5,1.1,0.4,0.7,0.242,0.324,0.348,0.672,0.319,669707
403,Daniel Schneemann,CLE,L,SS/OF,2B/SS/ 3B/OF,51,152,134,15.6,3.0,13.9,2.5,29.5,18.5,7.4,0.5,47.0,41.2,15.4,0.9,1.1,0.4,0.7,0.219,0.300,0.350,0.650,0.290,682177
404,Alexander Canario,CHC,R,OF,OF,51,150,135,17.0,5.6,16.9,2.1,29.1,17.7,5.5,0.4,52.2,47.5,11.6,1.5,1.0,0.4,0.6,0.216,0.283,0.387,0.670,0.284,672744
405,Travis Bazzana,CLE,L,2B,2B,51,150,137,12.9,2.2,11.5,2.2,26.2,18.5,5.2,0.3,38.6,41.6,9.5,1.8,1.1,0.4,0.6,0.191,0.250,0.281,0.530,0.253,683953
406,Yuli Gurriel,FA,R,1B,1B,50,149,135,15.9,2.9,14.9,2.0,34.0,23.7,6.9,0.5,50.5,27.0,11.7,1.2,1.0,0.3,0.5,0.252,0.314,0.374,0.689,0.293,19198
407,Carlos Narvaez,BOS,R,C,C,50,149,130,16.1,3.2,13.7,1.6,28.0,19.2,5.3,0.2,43.3,44.2,15.2,2.0,1.0,0.4,0.4,0.215,0.304,0.334,0.637,0.296,665966
408,Javier Sanoja,MIA,R,3B,3B,51,149,137,15.1,1.6,13.2,3.4,35.8,26.0,7.3,0.9,49.6,14.4,9.9,0.9,1.0,0.5,1.1,0.261,0.312,0.362,0.674,0.279,691594
409,Ezequiel Duran,TEX,R,3B/OF,1B/SS/ 3B/OF,51,148,138,16.4,3.6,16.2,2.5,34.7,23.5,7.0,0.6,53.7,34.4,7.8,1.3,1.1,0.4,0.8,0.252,0.296,0.391,0.686,0.309,677649
410,Nick Senzel,FA,R,3B,3B,50,147,132,14.8,3.3,14.0,2.1,29.0,19.9,5.6,0.2,45.0,32.5,12.9,1.3,1.0,0.4,0.8,0.221,0.294,0.342,0.636,0.266,669222
411,Billy Cook,PIT,R,OF,1B/OF,51,147,133,15.8,4.0,14.8,3.9,30.3,19.9,5.7,0.6,49.3,41.0,10.3,1.7,1.1,0.5,0.9,0.227,0.289,0.370,0.659,0.295,695257
412,Yan Gomes,FA,R,C,C,50,146,136,15.0,3.4,14.7,1.0,31.5,21.6,6.0,0.5,48.7,35.2,6.4,2.0,1.1,0.5,0.2,0.231,0.274,0.357,0.631,0.285,9627
413,Noelvi Marte,CIN,R,3B,3B,44,146,134,16.3,3.9,15.9,4.5,32.3,20.0,8.1,0.3,52.5,36.2,9.5,1.4,1.0,0.4,1.3,0.241,0.295,0.393,0.689,0.300,682622
414,Luisangel Acuna,NYM,R,SS,SS,51,146,136,16.5,2.5,14.5,6.9,33.6,24.6,5.6,0.9,48.4,27.6,8.3,0.9,1.0,0.5,1.9,0.248,0.293,0.357,0.650,0.292,682668
415,Brett Wisely,SF,L,2B/SS,2B/SS,51,146,132,15.4,2.5,13.4,2.9,30.5,20.8,6.7,0.5,45.9,34.7,11.8,1.2,1.0,0.5,0.9,0.232,0.297,0.348,0.646,0.293,689172
416,Angel Martinez,CLE,S,OF,3B/OF,42,145,131,14.9,2.9,14.1,2.3,31.4,20.3,7.8,0.4,48.8,28.5,11.2,1.5,1.0,0.5,0.7,0.239,0.303,0.372,0.675,0.282,682657
417,Liam Hicks,MIA,L,C,C,50,145,125,14.5,1.7,11.3,1.0,29.1,22.0,5.1,0.3,39.8,26.1,16.0,2.6,1.0,0.4,0.3,0.233,0.330,0.319,0.649,0.280,689414
418,Luis Urias,FA,R,2B/3B,2B/3B,50,144,124,16.5,3.6,14.4,1.2,28.1,18.5,5.7,0.3,45.2,32.7,14.9,3.3,1.0,0.5,0.4,0.226,0.321,0.364,0.685,0.274,649966
419,Nick Yorke,PIT,R,2B,2B,44,144,130,15.4,2.9,13.9,3.1,33.2,23.4,6.5,0.3,49.1,31.5,12.0,1.2,1.0,0.5,1.0,0.256,0.322,0.378,0.700,0.313,694377
420,Christian Bethancourt,TOR,R,C,C,50,143,134,15.7,4.2,15.8,2.1,30.3,18.8,7.1,0.2,50.3,37.3,6.5,1.0,1.0,0.5,0.5,0.226,0.265,0.376,0.641,0.280,10028
421,Stuart Fairchild,CIN,R,OF,OF,45,143,127,16.5,4.2,15.6,5.0,28.8,16.8,7.4,0.4,49.7,39.7,11.7,2.8,1.0,0.4,1.3,0.226,0.303,0.391,0.694,0.292,656413
422,Santiago Espinal,CIN,R,2B/3B,2B/SS/ 3B,51,143,130,16.6,2.4,14.7,2.9,34.5,23.3,8.7,0.2,50.7,21.0,10.0,1.1,1.0,0.4,0.8,0.265,0.319,0.389,0.708,0.298,669289
423,Matt Carpenter,FA,L,DH,1B,49,142,124,14.8,3.6,13.4,1.1,25.0,15.5,5.6,0.3,42.0,44.3,15.5,1.7,1.0,0.4,0.3,0.202,0.297,0.340,0.637,0.279,8090
424,Jorge Mateo,BAL,R,2B,2B/SS/ OF,49,139,129,14.9,3.1,14.3,9.4,29.8,20.0,5.9,0.9,46.6,34.3,7.5,1.2,1.0,0.5,2.0,0.232,0.277,0.362,0.639,0.290,17273
425,Rafael Marchan,PHI,S,C,C,49,139,123,15.5,2.7,13.5,1.1,29.0,20.3,5.6,0.5,43.6,24.7,12.2,2.2,1.0,0.5,0.3,0.235,0.312,0.353,0.665,0.271,665561
426,Joey Loperfido,TOR,L,OF,OF,44,137,124,15.2,3.2,13.6,2.9,26.7,16.5,6.3,0.8,44.1,43.5,10.0,1.6,1.0,0.4,0.8,0.216,0.280,0.355,0.635,0.302,694388
427,Brooks Baldwin,CHW,S,2B,2B/SS,43,133,121,13.8,2.7,12.7,3.2,29.8,20.6,6.3,0.2,44.5,27.9,8.7,1.0,0.9,0.4,0.8,0.246,0.298,0.368,0.666,0.296,681460
428,Brock Wilken,MIL,R,3B,3B,40,133,118,13.4,3.5,12.2,0.7,23.3,15.3,4.2,0.3,38.6,41.7,12.7,1.1,0.9,0.4,0.2,0.198,0.280,0.328,0.608,0.270,694385
429,Brett Baty,NYM,L,3B,3B,40,130,116,15.1,4.0,14.5,0.6,27.4,17.9,5.4,0.2,45.0,31.9,11.6,1.2,0.9,0.3,0.2,0.236,0.310,0.388,0.698,0.288,683146
430,Jacob Melton,HOU,L,OF,OF,40,127,116,13.6,3.6,13.4,4.7,26.1,17.8,4.2,0.5,42.1,31.9,8.1,0.9,0.9,0.4,1.2,0.224,0.277,0.362,0.638,0.276,689200
431,Justyn-Henry Malloy,DET,R,OF,OF,34,123,105,13.3,3.1,11.7,0.9,23.1,15.2,4.5,0.3,37.5,37.0,15.7,1.5,0.8,0.3,0.3,0.220,0.328,0.358,0.686,0.305,669234
432,Kristian Campbell,BOS,R,2B,2B,34,123,107,15.0,3.0,13.3,3.0,28.5,19.4,5.5,0.6,44.1,27.8,12.1,1.7,0.9,0.4,0.9,0.265,0.345,0.411,0.756,0.330,692225
433,Gavin Sheets,SD,L,1B/OF,1B/OF,41,121,110,13.2,3.3,13.2,0.7,25.7,15.5,6.6,0.2,42.7,27.0,9.6,1.0,0.8,0.2,0.2,0.234,0.298,0.389,0.688,0.278,657757
434,Gage Workman,CHC,S,SS,SS,34,115,105,11.6,2.3,10.6,3.1,22.9,15.1,4.7,0.7,35.9,37.6,8.7,0.8,0.8,0.3,0.9,0.219,0.281,0.343,0.625,0.314,669398
435,Edmundo Sosa,PHI,R,2B/SS/ 3B,2B/SS/ 3B,34,114,105,12.2,2.5,12.0,2.1,25.6,16.9,5.2,0.9,40.2,27.7,4.9,2.5,0.8,0.3,0.6,0.243,0.290,0.383,0.673,0.304,624641
436,Weston Wilson,PHI,R,OF,2B/3B/ OF,34,114,101,12.9,3.7,12.4,2.9,22.0,13.7,4.3,0.3,38.0,32.8,11.1,0.8,0.8,0.3,0.8,0.218,0.299,0.377,0.676,0.281,642215
437,Gabriel Arias,CLE,R,3B,SS/3B/ OF,34,114,105,12.0,2.9,11.9,2.9,24.8,15.9,5.4,0.7,40.2,31.3,7.3,1.2,0.8,0.3,0.8,0.238,0.291,0.384,0.675,0.309,672356
438,Leo Rivas,SEA,S,SS,SS,34,113,96,11.1,1.1,8.2,4.7,20.3,14.6,4.2,0.4,28.6,29.5,14.8,1.0,0.8,0.3,1.2,0.211,0.319,0.297,0.617,0.290,660844
439,Anthony Rendon,LAA,R,3B,3B,32,112,97,11.9,2.1,11.0,1.9,23.8,16.6,4.8,0.2,35.4,19.7,11.2,1.8,0.7,0.3,0.5,0.244,0.329,0.363,0.693,0.284,12861
440,Eric Haase,MIL,R,C,C,34,112,103,11.7,3.7,11.8,0.9,22.3,14.8,3.5,0.3,37.4,36.3,7.4,0.8,0.8,0.3,0.2,0.216,0.271,0.362,0.633,0.290,606992
441,Drake Baldwin,ATL,L,C,C,37,112,99,12.9,2.4,11.3,0.5,23.3,16.5,4.1,0.3,35.3,24.0,11.5,1.0,0.8,0.3,0.1,0.237,0.319,0.358,0.678,0.287,686948
442,Coby Mayo,BAL,R,3B,3B,35,112,99,13.3,3.8,12.8,0.9,22.8,14.3,4.3,0.4,39.3,31.3,10.1,1.3,0.8,0.3,0.3,0.231,0.306,0.396,0.702,0.294,691723
443,Austin Barnes,LAD,R,C,C,34,111,99,12.7,2.3,11.0,1.8,22.4,15.3,4.6,0.2,34.2,24.9,9.6,1.1,0.8,0.4,0.4,0.227,0.300,0.347,0.647,0.278,12158
444,Matt Duffy,FA,R,2B/3B,2B/SS/ 3B,34,111,101,10.7,1.2,9.1,0.9,24.0,18.4,4.2,0.2,32.2,24.5,7.6,1.2,0.8,0.3,0.2,0.237,0.295,0.318,0.613,0.299,13836
445,Jake Bauers,MIL,L,1B,1B/OF,35,111,98,11.6,3.6,11.2,2.6,19.2,11.8,3.4,0.4,34.4,37.5,12.1,1.0,0.8,0.2,0.7,0.197,0.290,0.352,0.643,0.273,641343
446,Brandon Lockridge,SD,R,OF,OF,34,111,100,11.4,1.5,9.5,5.5,23.0,16.5,4.6,0.4,32.9,31.7,9.3,1.0,0.8,0.3,1.2,0.230,0.299,0.329,0.628,0.319,663604
447,Marco Luciano,SF,R,SS,2B/SS,34,111,98,11.3,2.2,9.7,1.1,21.2,15.1,3.4,0.4,32.0,33.1,11.4,0.8,0.8,0.3,0.3,0.216,0.300,0.326,0.626,0.299,682617
448,Joey Wendle,FA,L,3B,3B,34,110,103,10.4,1.3,9.7,2.3,24.2,16.9,5.5,0.6,34.9,22.4,4.6,1.1,0.8,0.3,0.6,0.234,0.272,0.337,0.609,0.285,13853
449,Riley Adams,WSH,R,C,C,34,110,98,11.5,3.0,11.1,0.6,21.8,13.4,5.0,0.4,36.6,32.0,8.8,1.7,0.8,0.3,0.2,0.222,0.294,0.373,0.667,0.294,656180
450,David Hamilton,BOS,L,2B/SS,2B/SS,34,110,98,12.1,2.3,10.7,8.3,22.6,15.1,4.7,0.5,35.2,27.3,10.0,0.8,0.8,0.4,1.9,0.229,0.302,0.358,0.660,0.291,666152
451,Trey Lipscomb,WSH,R,3B,2B/3B,34,110,102,10.7,1.6,9.8,3.0,24.8,18.1,5.0,0.2,35.0,22.0,6.2,0.9,0.8,0.4,0.8,0.244,0.290,0.344,0.634,0.295,702358
452,Matt Thaiss,CHW,L,C,C,34,109,94,11.0,2.6,9.8,1.2,19.9,13.4,3.8,0.2,31.9,29.7,12.9,1.1,0.8,0.3,0.3,0.213,0.311,0.340,0.651,0.279,642136
453,Vidal Brujan,CHC,S,2B,2B/SS/ 3B/OF,35,109,97,11.5,1.8,9.8,4.1,22.5,15.7,4.3,0.7,33.4,22.1,9.7,1.3,0.8,0.4,1.4,0.232,0.308,0.344,0.652,0.281,660644
454,Chase Meidroth,CHW,R,2B,2B,35,109,91,11.7,1.5,9.0,1.6,22.0,15.4,4.8,0.3,31.8,19.9,14.6,1.6,0.8,0.3,0.5,0.240,0.351,0.348,0.699,0.290,805367
455,Aledmys Diaz,FA,R,SS/3B,SS/3B,33,108,100,10.9,2.2,10.5,0.7,23.1,15.7,5.0,0.3,35.3,21.1,5.9,1.3,0.8,0.3,0.2,0.232,0.281,0.353,0.634,0.271,15937
456,Luis Guillorme,HOU,L,2B,2B/SS/ 3B,34,108,94,11.7,0.8,8.8,1.9,22.9,17.8,3.8,0.6,30.3,20.0,11.4,0.8,0.8,0.4,0.5,0.244,0.327,0.322,0.649,0.299,641645
457,Alex Jackson,NYY,R,C,C,34,106,96,12.2,3.5,11.9,0.9,19.8,11.5,4.5,0.3,35.5,31.1,7.8,1.3,0.8,0.4,0.2,0.206,0.271,0.369,0.641,0.262,656577
458,Oscar Colas,CHW,L,OF,OF,35,106,96,10.7,2.6,10.3,1.7,22.5,15.2,4.3,0.4,35.3,27.8,7.5,1.0,0.8,0.3,0.6,0.233,0.291,0.366,0.657,0.298,693049
459,Henry Davis,PIT,R,C,C,34,104,91,11.1,2.7,10.1,1.6,20.3,13.4,4.0,0.2,32.7,27.8,10.1,2.0,0.8,0.3,0.5,0.222,0.309,0.357,0.667,0.285,680779
460,Ryan Bliss,SEA,R,2B,2B,35,103,92,11.3,2.3,9.9,6.3,20.5,13.1,4.6,0.5,33.1,27.0,8.5,1.2,0.7,0.3,1.8,0.223,0.293,0.359,0.651,0.285,669208
461,Marcelo Mayer,BOS,L,SS,SS,31,103,94,11.3,2.0,10.4,1.8,23.1,15.0,5.8,0.3,35.4,23.4,7.3,0.8,0.7,0.3,0.5,0.246,0.302,0.377,0.679,0.305,691785
462,Esteury Ruiz,ATH,R,OF,OF,33,101,91,11.6,1.9,10.0,9.6,21.9,14.8,4.8,0.4,33.2,23.0,6.7,2.3,0.7,0.4,2.2,0.242,0.306,0.365,0.672,0.302,665923
463,Juan Yepez,WSH,R,1B,1B,31,98,89,10.8,3.2,11.2,0.7,21.6,13.4,4.8,0.2,36.4,19.7,7.9,0.8,0.7,0.2,0.2,0.243,0.308,0.411,0.718,0.276,660766
464,Jack Suwinski,PIT,L,OF,OF,31,97,85,10.9,3.5,10.8,2.0,18.5,10.6,4.0,0.3,33.8,28.8,10.3,0.9,0.7,0.2,0.6,0.217,0.305,0.396,0.701,0.278,669261
465,Christian Moore,LAA,R,2B,2B,31,97,89,10.6,2.4,10.2,1.3,21.8,14.9,4.1,0.3,33.9,24.6,5.7,0.9,0.7,0.3,0.4,0.246,0.295,0.381,0.675,0.310,695681
466,Andruw Monasterio,MIL,R,2B/3B,2B/SS/ 3B,31,95,84,9.7,1.2,7.9,2.8,20.0,14.7,3.9,0.3,28.1,22.3,9.8,1.0,0.7,0.3,0.8,0.239,0.324,0.336,0.660,0.309,655316
467,Shay Whitcomb,HOU,R,3B,2B/3B,31,95,86,10.6,3.1,10.6,2.4,19.3,12.1,3.9,0.2,32.9,26.1,6.2,1.0,0.7,0.3,0.7,0.224,0.280,0.381,0.661,0.280,694376
468,Luke Keaschall,MIN,R,2B,2B,31,95,84,10.7,1.8,9.3,2.0,20.6,13.9,4.6,0.3,31.3,20.7,9.0,1.6,0.7,0.3,0.5,0.245,0.327,0.371,0.699,0.301,807712
469,Cooper Bowman,CIN,R,2B,2B,31,94,84,9.9,1.7,8.9,3.9,18.8,11.5,5.2,0.3,29.8,23.8,7.7,0.9,0.7,0.3,0.9,0.223,0.292,0.353,0.646,0.287,688682
470,Nathan Lukes,TOR,L,OF,OF,31,92,83,10.2,1.3,9.1,1.3,21.9,15.1,4.9,0.5,31.8,17.5,7.1,0.9,0.7,0.3,0.3,0.264,0.325,0.383,0.708,0.318,18123
471,Pedro Leon,HOU,R,OF,OF,31,92,82,10.1,2.5,9.3,3.0,17.3,10.8,3.7,0.3,29.0,29.7,7.1,1.6,0.6,0.3,1.0,0.212,0.283,0.355,0.638,0.294,694175
472,Tim Anderson,LAA,R,SS,SS,30,91,85,8.7,1.0,8.0,2.2,21.9,17.2,3.4,0.3,28.9,21.4,3.8,0.7,0.6,0.3,0.5,0.257,0.291,0.340,0.631,0.330,15172
473,J.D. Davis,LAA,R,1B/3B,1B/3B,30,89,79,9.8,2.6,9.4,0.3,17.8,11.8,3.2,0.2,29.4,28.1,7.6,1.1,0.6,0.1,0.1,0.225,0.299,0.371,0.670,0.310,16219
474,Tyler Freeman,CLE,R,OF,2B/SS/ 3B/OF,26,87,77,9.6,1.7,8.6,2.6,20.0,14.0,4.1,0.2,29.6,13.1,6.1,2.8,0.6,0.2,0.7,0.259,0.332,0.383,0.715,0.290,671289
475,Eric Wagaman,MIA,R,1B,1B,27,87,80,9.1,2.2,9.1,1.2,19.8,13.0,4.2,0.3,31.4,18.0,5.9,0.6,0.6,0.2,0.3,0.247,0.302,0.393,0.695,0.291,676572
476,Nick Ahmed,TEX,R,SS,SS,30,86,80,8.4,1.2,7.6,1.2,17.7,12.7,3.5,0.4,25.5,20.6,4.7,0.6,0.6,0.3,0.3,0.222,0.267,0.319,0.587,0.282,12147
477,Daniel Vogelbach,FA,L,DH,DH,26,85,73,10.0,2.8,9.3,0.4,16.7,10.8,2.9,0.2,28.3,21.1,11.1,0.6,0.6,0.2,0.1,0.230,0.333,0.389,0.722,0.282,14130
478,Chadwick Tromp,ATL,R,C,C,26,85,77,9.4,2.0,8.7,0.4,17.2,11.6,3.5,0.1,26.9,20.9,6.4,0.5,0.6,0.3,0.1,0.224,0.286,0.351,0.637,0.280,644433
479,Austin Martin,MIN,R,OF,2B/OF,27,85,74,9.4,0.8,7.3,2.7,18.3,12.9,4.3,0.3,25.6,15.6,9.1,1.5,0.6,0.3,0.7,0.246,0.339,0.345,0.684,0.299,668885
480,Greg Jones,COL,S,SS,SS,26,85,77,8.7,2.0,8.3,4.4,17.6,12.3,2.8,0.4,27.4,30.3,5.5,1.0,0.6,0.2,1.0,0.228,0.285,0.354,0.638,0.341,675659
481,Kyle Teel,CHW,L,C,C,26,85,75,8.8,1.8,7.7,1.2,17.4,12.0,3.4,0.1,26.4,21.9,8.2,0.8,0.6,0.2,0.3,0.233,0.312,0.353,0.665,0.303,691019
482,Nick Allen,ATL,R,SS,SS,27,84,76,9.6,1.1,8.0,2.0,19.0,13.9,3.8,0.2,26.6,13.9,6.7,0.6,0.6,0.3,0.5,0.249,0.312,0.348,0.660,0.290,669397
483,Jose Herrera,ARI,S,C,C,26,83,73,8.8,1.0,7.0,0.7,16.6,12.5,2.6,0.4,23.1,18.8,8.0,0.6,0.6,0.3,0.2,0.226,0.305,0.315,0.620,0.287,645444
484,Romy Gonzalez,BOS,R,1B/2B/ SS,1B/2B/ SS/3B/OF,25,83,77,9.5,2.4,9.5,3.2,19.2,12.8,3.3,0.7,31.2,23.3,4.8,0.8,0.6,0.2,0.9,0.252,0.299,0.409,0.707,0.327,663853
485,Dominic Canzone,SEA,L,OF,OF,26,82,74,9.1,2.8,9.4,0.8,17.7,10.3,4.4,0.1,30.9,19.0,6.5,0.6,0.6,0.2,0.2,0.238,0.301,0.415,0.716,0.279,686527
486,Miguel Sano,FA,R,3B,1B/3B,25,81,72,9.6,3.3,9.6,0.4,15.6,9.2,3.0,0.2,29.0,27.5,7.2,1.0,0.5,0.1,0.1,0.217,0.296,0.402,0.697,0.294,12164
487,Jason Delay,PIT,R,C,C,25,77,70,7.6,0.7,6.1,0.8,16.1,11.7,3.5,0.2,22.2,17.1,5.3,0.9,0.6,0.3,0.2,0.229,0.289,0.316,0.605,0.290,641511
488,Cal Stevenson,PHI,L,OF,OF,24,76,65,8.6,1.3,6.9,2.7,14.7,10.4,2.6,0.4,21.8,17.6,10.3,0.5,0.5,0.2,0.7,0.226,0.334,0.335,0.669,0.288,670276
489,Everson Pereira,NYY,R,OF,OF,24,75,68,8.6,2.4,8.7,1.4,15.6,9.7,3.2,0.3,26.7,23.5,5.2,0.9,0.5,0.2,0.4,0.228,0.288,0.390,0.679,0.307,677592
490,Ronny Mauricio,NYM,S,2B,2B/3B,24,75,69,8.4,2.3,8.8,2.0,17.2,11.2,3.6,0.2,28.0,15.2,4.2,0.7,0.5,0.2,0.6,0.249,0.296,0.404,0.701,0.286,677595
491,Kameron Misner,TB,L,OF,OF,23,72,63,7.3,1.5,6.1,1.8,12.0,7.5,2.7,0.3,19.9,26.2,8.1,0.6,0.5,0.2,0.5,0.192,0.288,0.317,0.605,0.297,670224
492,Cavan Biggio,KC,L,1B/2B/ 3B/OF,1B/2B/ 3B/OF,23,71,61,7.6,1.4,6.3,0.9,12.8,8.9,2.4,0.2,19.6,19.5,8.2,1.3,0.5,0.2,0.2,0.212,0.315,0.323,0.638,0.285,624415
493,Austin Shenton,SEA,L,1B,1B,23,71,62,7.6,2.1,7.1,0.2,13.0,7.1,3.7,0.1,23.1,23.9,7.6,0.6,0.5,0.2,0.1,0.208,0.297,0.369,0.667,0.295,668853
494,Eli White,ATL,R,OF,OF,23,70,63,7.9,1.4,6.7,2.4,13.9,9.9,2.4,0.3,21.0,20.8,5.9,0.9,0.5,0.2,0.6,0.222,0.296,0.335,0.631,0.306,642201
495,Dylan Carlson,BAL,S,OF,OF,22,70,61,7.8,1.5,7.1,0.8,14.5,9.5,3.3,0.2,22.8,16.2,6.4,1.1,0.5,0.2,0.2,0.237,0.317,0.372,0.689,0.295,666185
496,Kyle McCann,ATH,L,C,C,23,70,62,6.9,1.9,6.7,0.3,12.0,7.7,2.3,0.1,20.1,25.5,5.8,0.7,0.5,0.2,0.1,0.192,0.265,0.324,0.589,0.285,668832
497,Drew Waters,KC,S,OF,OF,22,70,63,7.5,1.5,6.9,2.0,14.7,9.7,3.0,0.5,23.0,20.5,6.0,0.7,0.5,0.2,0.6,0.235,0.305,0.368,0.673,0.322,671221
498,Brett Harris,ATH,R,3B,3B,23,70,61,7.8,1.4,6.7,1.0,13.8,9.4,2.7,0.2,21.3,15.5,6.5,1.0,0.5,0.2,0.3,0.226,0.306,0.348,0.655,0.276,695391
499,Stone Garrett,WSH,R,OF,OF,23,69,63,6.9,1.9,7.0,0.7,13.8,8.8,3.0,0.1,22.8,21.6,4.9,0.7,0.5,0.1,0.2,0.218,0.280,0.361,0.641,0.297,656448
500,Martin Maldonado,SD,R,C,C,23,67,61,6.6,1.8,6.1,0.5,10.8,6.9,2.0,0.1,18.3,23.1,4.6,0.8,0.5,0.2,0.1,0.176,0.240,0.299,0.539,0.246,6887
501,Tomas Nido,DET,R,C,C,22,65,61,6.5,1.3,6.0,0.5,14.1,10.2,2.5,0.2,20.7,15.9,2.9,0.4,0.5,0.2,0.1,0.231,0.268,0.338,0.607,0.289,621512
502,Jorge Barrosa,ARI,S,OF,OF,19,60,54,6.4,1.0,5.6,1.5,12.5,8.8,2.4,0.3,18.5,12.5,5.5,0.5,0.4,0.2,0.5,0.234,0.308,0.344,0.653,0.284,678489
503,Luken Baker,STL,R,DH,DH,19,59,52,6.9,2.4,6.9,0.2,11.2,6.6,2.2,0.1,20.7,16.1,6.1,0.4,0.4,0.1,0.1,0.215,0.299,0.397,0.696,0.259,663609
504,Jonatan Clase,TOR,S,OF,OF,19,59,53,6.2,1.2,5.6,3.5,11.5,7.2,2.8,0.3,18.5,16.8,4.9,0.5,0.4,0.2,0.9,0.217,0.287,0.349,0.636,0.291,682729
505,Alan Roden,TOR,L,OF,OF,19,59,52,6.9,1.1,5.9,0.9,13.0,8.6,3.0,0.2,19.8,10.7,5.7,1.0,0.4,0.2,0.2,0.252,0.335,0.384,0.719,0.296,702176
506,DJ Stewart,PIT,L,OF,OF,18,56,48,6.4,1.8,5.8,0.5,10.4,6.4,2.1,0.1,18.1,15.3,6.7,1.1,0.4,0.1,0.1,0.216,0.324,0.377,0.701,0.274,621466
507,Garrett Cooper,ATL,R,1B,1B/OF,18,56,51,6.1,1.4,6.0,0.1,11.8,7.8,2.3,0.2,18.8,16.2,4.2,0.7,0.4,0.1,0.0,0.233,0.298,0.372,0.670,0.311,643265
508,Ben Rice,NYY,L,1B,1B,18,56,49,7.0,2.5,7.2,0.6,11.0,6.2,2.3,0.1,20.8,14.4,5.9,0.7,0.4,0.2,0.2,0.225,0.313,0.424,0.737,0.263,700250
509,Edgar Quero,CHW,S,C,C,19,56,49,5.9,1.3,5.3,0.3,11.3,7.5,2.3,0.1,17.8,11.6,5.2,0.8,0.4,0.2,0.1,0.231,0.311,0.364,0.675,0.274,700337
510,Jhonny Pereda,ATH,R,C,C,19,55,48,6.0,0.7,4.8,0.4,11.2,8.1,2.3,0.1,15.8,13.1,5.3,0.4,0.4,0.2,0.1,0.231,0.309,0.326,0.635,0.300,640902
511,Luke Williams,ATL,R,SS,2B/3B/ OF,18,55,50,5.7,0.8,5.0,2.4,11.1,7.7,2.3,0.1,16.2,15.2,4.1,0.4,0.4,0.2,0.6,0.222,0.285,0.326,0.611,0.299,663897
512,Michael Helman,STL,R,2B,2B,18,55,50,5.7,1.3,5.3,1.2,11.1,7.3,2.4,0.1,17.5,13.4,4.0,0.6,0.4,0.2,0.3,0.221,0.283,0.349,0.633,0.274,680737
513,Curt Casali,ATL,R,C,C,17,54,47,6.0,0.9,4.8,0.4,10.2,7.2,2.0,0.1,15.1,13.4,5.3,0.8,0.4,0.2,0.1,0.216,0.303,0.320,0.623,0.279,12510
514,Reese McGuire,CHC,L,C,C,18,54,49,5.1,0.7,4.5,0.6,11.1,8.1,2.1,0.2,15.7,13.8,3.5,0.5,0.4,0.2,0.2,0.226,0.282,0.319,0.601,0.299,15674
515,Garrett Stubbs,PHI,L,C,C,18,54,48,5.6,0.8,4.6,1.0,10.1,7.3,1.6,0.3,14.7,13.6,5.2,0.7,0.4,0.2,0.2,0.211,0.296,0.309,0.604,0.276,596117
516,Nick Madrigal,NYM,R,2B/3B,2B/3B,17,54,50,5.9,0.4,4.9,1.0,13.3,10.1,2.5,0.2,17.5,6.4,3.0,1.0,0.4,0.2,0.3,0.266,0.320,0.351,0.670,0.296,663611
517,Nicky Lopez,CHC,L,2B/SS,2B/SS,18,54,48,5.6,0.2,4.2,1.2,12.0,9.6,1.8,0.4,15.4,8.4,4.4,0.6,0.4,0.2,0.3,0.250,0.317,0.320,0.637,0.297,670032
518,Abraham Toro,BOS,S,3B,1B/2B/ 3B,15,51,46,6.0,1.1,4.9,0.6,11.3,7.5,2.4,0.2,17.4,9.4,3.9,0.5,0.3,0.2,0.2,0.247,0.309,0.381,0.690,0.285,647351
519,Andres Chaparro,WSH,R,DH,1B,15,47,42,5.1,1.5,5.2,0.2,10.1,6.3,2.3,0.1,17.0,10.2,3.7,0.5,0.3,0.1,0.1,0.241,0.307,0.405,0.712,0.282,665953
520,James Outman,LAD,L,OF,OF,15,47,41,5.5,1.5,5.3,0.9,8.9,5.4,1.9,0.2,15.6,14.8,4.9,0.8,0.3,0.1,0.2,0.218,0.310,0.383,0.693,0.298,681546
521,Johnathan Rodriguez,CLE,R,OF,OF,15,46,41,5.2,1.5,5.1,0.4,9.8,6.2,2.0,0.1,16.6,13.8,4.1,0.3,0.3,0.1,0.1,0.238,0.308,0.403,0.712,0.316,671286
522,Carlos D. Rodriguez,ATL,L,OF,OF,15,46,41,5.1,0.5,4.2,0.9,10.6,8.0,1.7,0.3,14.4,6.9,4.1,0.3,0.3,0.1,0.3,0.257,0.325,0.349,0.675,0.295,677578
523,Bryan Ramos,CHW,R,3B,3B,15,46,42,4.8,1.4,4.8,0.6,9.5,5.9,2.1,0.1,16.0,10.8,3.1,0.5,0.3,0.1,0.2,0.228,0.287,0.385,0.673,0.272,682868
524,Tim Tawa,ARI,R,OF,OF,15,46,42,5.0,1.2,4.7,0.6,9.7,6.7,1.7,0.1,15.2,11.3,3.3,0.4,0.3,0.1,0.2,0.232,0.291,0.362,0.653,0.287,694374
525,Zach Dezenzo,HOU,R,1B,1B,15,46,42,5.2,1.4,5.2,0.7,10.0,6.3,2.2,0.1,16.5,13.3,3.4,0.4,0.3,0.1,0.2,0.237,0.297,0.393,0.690,0.311,701305
526,Darren Baker,WSH,L,2B,2B,15,45,41,4.1,0.2,3.4,1.4,10.3,7.9,2.0,0.2,13.2,9.1,2.9,0.2,0.3,0.1,0.4,0.251,0.301,0.323,0.624,0.315,671117
527,Jorbit Vivas,NYY,L,2B,2B,15,45,39,5.0,0.8,4.2,1.0,8.6,5.8,1.9,0.1,13.1,8.1,4.4,0.9,0.3,0.1,0.3,0.218,0.308,0.333,0.641,0.254,678391
528,Tyler Callihan,CIN,L,2B,2B,15,45,41,4.6,0.8,4.2,1.3,9.2,6.0,2.2,0.1,14.2,12.3,3.1,0.4,0.3,0.1,0.3,0.223,0.281,0.343,0.624,0.292,682997
529,Nasim Nunez,WSH,S,SS,SS,15,45,39,4.5,0.4,3.3,2.4,8.8,6.7,1.6,0.1,11.7,9.6,5.1,0.3,0.3,0.1,0.6,0.228,0.320,0.304,0.624,0.291,683083
530,Vaughn Grissom,BOS,R,2B,2B,15,45,39,4.9,0.8,4.4,0.9,10.5,7.6,1.9,0.2,15.0,8.3,3.9,0.7,0.3,0.1,0.2,0.265,0.338,0.379,0.717,0.317,687093
531,Robert Hassell III,WSH,L,OF,OF,15,45,40,4.2,0.6,3.7,0.9,8.8,6.2,1.8,0.1,12.8,11.5,3.6,0.4,0.3,0.1,0.2,0.220,0.286,0.320,0.606,0.290,690987
532,Max Muncy,ATH,R,SS,SS,15,45,41,4.6,0.8,4.2,0.6,9.0,5.9,2.2,0.1,13.8,12.8,3.1,0.6,0.3,0.1,0.2,0.219,0.280,0.337,0.617,0.294,691777
533,Jared Serna,MIA,R,2B,2B,15,45,41,4.3,0.8,3.9,0.8,9.3,6.3,2.2,0.1,13.8,8.9,3.1,0.5,0.3,0.1,0.2,0.228,0.288,0.342,0.630,0.272,691858
534,Chandler Simpson,TB,L,OF,OF,15,45,41,4.6,0.3,3.7,4.4,11.2,9.0,1.7,0.2,14.1,5.8,3.3,0.3,0.3,0.1,1.0,0.274,0.329,0.345,0.673,0.310,802415
535,Payton Eeles,MIN,L,2B,2B,15,45,40,5.2,0.8,4.4,1.7,9.9,6.7,2.0,0.3,15.0,8.9,4.4,1.0,0.3,0.1,0.5,0.250,0.337,0.378,0.715,0.301,823356
536,Scott Kingery,LAA,R,SS,SS,15,44,40,4.3,1.0,4.1,1.0,8.3,5.6,1.4,0.2,13.2,13.7,3.1,0.3,0.3,0.1,0.2,0.209,0.267,0.331,0.598,0.287,664068
537,Brett Sullivan,SD,L,C,C,15,44,40,4.8,0.9,4.3,0.4,8.8,5.4,2.4,0.2,14.2,8.0,3.5,0.4,0.3,0.1,0.1,0.222,0.287,0.356,0.643,0.255,664954
538,Mike Brosseau,SD,R,3B,3B,15,44,40,4.8,1.3,4.5,0.3,8.6,5.8,1.4,0.1,14.0,11.9,3.2,0.7,0.3,0.1,0.1,0.216,0.284,0.353,0.637,0.273,670712
539,Drew Millas,WSH,S,C,C,15,44,39,4.6,0.8,4.1,0.9,9.3,6.4,1.9,0.2,14.1,8.8,3.8,0.4,0.3,0.1,0.2,0.240,0.310,0.362,0.672,0.288,686452
540,Colby Thomas,ATH,R,OF,OF,15,44,41,5.0,1.4,5.1,0.7,9.4,5.4,2.4,0.2,16.2,12.2,2.3,0.6,0.3,0.1,0.2,0.230,0.279,0.398,0.677,0.292,687515
541,Dominic Fletcher,CHW,L,OF,OF,15,43,39,4.1,0.7,3.7,0.3,9.1,6.3,1.9,0.2,13.5,10.0,2.9,0.5,0.3,0.1,0.1,0.232,0.290,0.345,0.635,0.293,666150
542,Austin Wynns,CIN,R,C,C,15,42,38,4.7,0.9,4.2,0.4,8.7,5.6,2.2,0.1,13.8,11.3,3.1,0.5,0.3,0.1,0.1,0.229,0.293,0.362,0.655,0.296,642851
543,Curtis Mead,TB,R,2B,2B/3B,13,39,35,4.2,0.9,4.1,0.6,8.9,5.8,1.8,0.2,14.0,7.8,2.7,0.6,0.3,0.1,0.2,0.251,0.314,0.396,0.710,0.296,678554
544,Jose Fermin,STL,R,2B,2B/SS/ 3B,13,38,33,4.2,0.7,3.6,1.1,8.0,5.6,1.6,0.1,11.9,5.3,3.9,0.7,0.3,0.1,0.3,0.242,0.329,0.359,0.688,0.268,665877
545,DaShawn Keirsey Jr.,MIN,L,OF,OF,13,37,34,3.9,0.7,3.5,1.3,8.1,5.6,1.5,0.3,12.1,9.8,2.5,0.4,0.3,0.1,0.3,0.237,0.294,0.356,0.651,0.311,680577
546,Chuckie Robinson,LAA,R,C,C,13,36,33,3.6,0.7,3.3,0.3,7.1,5.2,1.1,0.1,10.6,9.2,2.1,0.4,0.3,0.1,0.1,0.215,0.269,0.322,0.591,0.274,642020
547,Omar Narvaez,CHW,L,C,C,13,34,30,3.3,0.6,2.9,0.2,6.7,4.7,1.3,0.1,9.8,7.2,2.9,0.3,0.2,0.1,0.1,0.220,0.290,0.323,0.613,0.267,13338
548,Jakson Reetz,NYM,R,C,C,12,34,30,3.8,0.9,3.4,0.3,5.9,3.6,1.4,0.1,10.2,10.1,2.7,0.7,0.2,0.1,0.1,0.196,0.275,0.339,0.614,0.258,656883
549,Sam Huff,SF,R,C,C,12,34,31,3.4,0.9,3.3,0.1,6.6,4.5,1.1,0.1,10.6,11.0,2.4,0.2,0.2,0.1,0.0,0.214,0.273,0.344,0.617,0.296,669087
550,Cesar Salazar,HOU,L,C,C,12,33,29,3.5,0.6,3.0,0.3,6.1,4.3,1.0,0.1,9.3,7.2,2.9,0.8,0.2,0.1,0.1,0.209,0.293,0.318,0.611,0.254,663967
551,Myles Straw,TOR,R,OF,OF,12,33,30,3.2,0.2,2.5,1.2,6.5,4.9,1.4,0.2,8.7,6.6,2.8,0.2,0.2,0.1,0.2,0.221,0.289,0.294,0.583,0.276,664702
552,Zach DeLoach,CHW,L,OF,OF,11,33,30,3.0,0.7,3.0,0.5,6.5,4.3,1.4,0.1,10.1,10.2,2.9,0.3,0.2,0.1,0.1,0.219,0.291,0.343,0.634,0.305,676113
553,Trey Mancini,ARI,R,DH,1B,11,32,28,3.3,0.7,3.1,0.2,6.5,4.5,1.2,0.1,10.1,8.3,2.5,0.4,0.2,0.1,0.0,0.230,0.299,0.355,0.654,0.297,15149
554,Yonathan Perlaza,SD,S,2B,2B,11,32,28,3.8,1.0,3.6,0.5,6.6,3.7,1.8,0.1,11.5,8.5,3.1,0.3,0.2,0.1,0.1,0.232,0.311,0.406,0.717,0.293,666632
555,Oscar Gonzalez,SD,R,OF,OF,11,31,29,3.4,0.9,3.6,0.2,7.3,4.7,1.5,0.2,11.9,7.3,1.3,0.2,0.2,0.1,0.1,0.248,0.283,0.405,0.688,0.298,660757
556,Keston Hiura,COL,R,1B,1B,11,31,27,3.8,1.3,3.9,0.2,6.7,4.3,1.0,0.1,11.9,9.2,2.3,0.5,0.2,0.1,0.1,0.246,0.313,0.434,0.747,0.316,669374
557,Leo Jimenez,TOR,R,2B/SS,2B/SS,11,31,27,3.5,0.6,3.0,0.2,6.3,4.1,1.5,0.1,9.7,6.8,2.6,1.0,0.2,0.1,0.1,0.232,0.318,0.358,0.676,0.287,677870
558,Liover Peguero,PIT,R,SS,2B/SS,11,31,29,3.0,0.6,2.9,0.6,6.6,4.6,1.3,0.1,10.0,7.5,1.9,0.2,0.2,0.1,0.2,0.231,0.281,0.348,0.629,0.290,678894
559,Owen Caissie,CHC,L,OF,OF,11,31,28,3.5,0.8,3.1,0.4,6.5,4.3,1.3,0.1,10.4,9.9,3.1,0.3,0.2,0.1,0.1,0.234,0.314,0.375,0.688,0.330,683357
560,Petey Halpin,CLE,L,OF,OF,11,31,28,3.1,0.6,2.8,0.6,6.2,4.0,1.5,0.1,9.7,8.1,2.3,0.2,0.2,0.1,0.2,0.221,0.282,0.343,0.625,0.286,690984
561,Zac Veen,COL,L,OF,OF,11,31,27,3.3,0.7,3.0,1.3,6.5,4.5,1.1,0.2,10.0,7.6,2.5,0.3,0.2,0.1,0.3,0.236,0.302,0.362,0.664,0.298,691728
562,Jac Caglianone,KC,L,1B,1B,11,31,29,2.8,0.6,2.7,0.4,5.8,4.2,0.9,0.1,8.7,7.8,1.4,0.4,0.2,0.1,0.1,0.200,0.243,0.298,0.541,0.250,695506
563,Jakob Marsee,MIA,L,OF,OF,11,31,26,3.0,0.5,2.4,1.2,5.5,4.0,0.9,0.1,8.0,7.6,3.6,0.4,0.2,0.1,0.3,0.207,0.310,0.304,0.615,0.270,805300
564,Bryce Eldridge,SF,L,OF,P,11,31,28,3.4,0.9,3.2,0.2,6.4,4.2,1.3,0.1,10.5,8.8,2.4,0.3,0.2,0.1,0.1,0.231,0.297,0.377,0.674,0.303,805811
565,Nick Pratto,KC,L,1B,1B,11,30,27,3.3,0.8,3.0,0.4,5.7,3.6,1.1,0.1,9.5,10.0,2.8,0.3,0.2,0.1,0.1,0.213,0.292,0.355,0.647,0.301,668472
566,Tim Elko,CHW,R,1B,1B,11,30,28,3.0,0.8,3.1,0.1,6.5,4.3,1.3,0.1,10.5,9.8,1.5,0.2,0.2,0.1,0.0,0.232,0.273,0.374,0.647,0.321,671284
567,Joe Mack,MIA,L,C,C,11,30,27,2.9,0.7,2.7,0.1,5.7,4.0,1.0,0.0,9.0,7.9,2.3,0.3,0.2,0.1,0.0,0.214,0.280,0.335,0.615,0.273,691788
568,Casey Schmitt,SF,R,2B,2B/SS/ 3B,8,21,19,2.2,0.5,2.1,0.3,4.6,3.2,0.8,0.1,7.0,4.8,1.2,0.2,0.1,0.1,0.1,0.238,0.286,0.364,0.650,0.290,669477
569,CJ Alexander,ATH,L,3B,3B,8,21,19,2.2,0.6,2.2,0.2,4.2,2.6,0.9,0.1,7.1,5.5,1.1,0.1,0.1,0.1,0.0,0.219,0.264,0.369,0.632,0.273,680769
570,Isaac Collins,MIL,S,2B,2B,8,21,18,2.2,0.3,1.8,0.6,4.0,2.7,0.8,0.1,6.2,5.1,2.5,0.3,0.1,0.1,0.2,0.220,0.319,0.335,0.654,0.282,686555
571,Tyler Gentry,KC,R,DH,OF,8,21,19,2.3,0.5,2.0,0.2,4.3,2.9,0.8,0.1,6.6,6.1,1.9,0.3,0.1,0.1,0.1,0.229,0.305,0.357,0.662,0.310,694355
572,Nacho Alvarez Jr.,ATL,R,2B,2B,8,21,19,2.4,0.3,2.0,0.4,4.6,3.4,0.8,0.1,6.4,4.5,2.1,0.3,0.2,0.1,0.1,0.243,0.325,0.341,0.667,0.302,805373
573,Seby Zavala,BOS,R,C,C,8,20,18,2.1,0.5,1.9,0.2,3.6,2.3,0.7,0.0,5.8,7.1,1.7,0.3,0.1,0.1,0.0,0.198,0.272,0.322,0.594,0.291,664874
574,Kody Clemens,PHI,L,1B/3B,1B/3B,8,20,19,2.3,0.7,2.4,0.2,4.2,2.6,0.8,0.1,7.3,5.1,1.4,0.2,0.1,0.1,0.1,0.225,0.283,0.392,0.675,0.269,665019
575,Jair Camargo,MIN,R,C,C,8,20,18,2.0,0.6,2.0,0.1,3.7,2.3,0.8,0.0,6.3,6.7,1.2,0.2,0.1,0.1,0.0,0.201,0.257,0.340,0.596,0.278,665856
576,Aaron Schunk,COL,R,2B,2B/SS/ 3B,8,20,18,2.1,0.4,1.9,0.4,4.5,3.2,0.8,0.1,6.7,4.7,1.0,0.1,0.1,0.1,0.1,0.247,0.289,0.364,0.653,0.311,668845
577,Gustavo Campero,LAA,S,C,C,8,20,18,2.3,0.5,2.1,0.7,4.3,2.8,0.8,0.1,6.9,4.3,1.4,0.4,0.1,0.1,0.2,0.239,0.307,0.386,0.692,0.284,672569
578,Jonathon Long,CHC,R,3B,3B,8,20,18,2.2,0.6,2.1,0.1,4.2,2.9,0.7,0.0,6.7,5.1,1.9,0.2,0.1,0.1,0.0,0.234,0.313,0.375,0.688,0.292,675085
579,Logan Driscoll,TB,L,C,C,8,20,18,2.0,0.4,1.8,0.1,4.1,2.7,0.9,0.1,6.2,5.2,1.3,0.3,0.1,0.1,0.0,0.223,0.284,0.341,0.625,0.289,686482
580,Nick Sogard,BOS,S,2B,2B/SS/ 3B,8,20,18,2.1,0.3,1.8,0.4,4.2,3.1,0.8,0.1,6.0,4.6,2.1,0.2,0.1,0.1,0.1,0.238,0.321,0.336,0.657,0.305,686765
581,Adael Amador,COL,S,2B,2B,8,20,17,2.2,0.4,2.0,0.8,4.2,3.0,0.7,0.1,6.3,3.8,1.8,0.2,0.1,0.1,0.2,0.243,0.318,0.364,0.681,0.286,691182
582,Niko Kavadas,LAA,L,1B,1B,8,20,17,2.3,0.7,2.0,0.1,3.2,1.9,0.7,0.0,6.0,7.8,2.4,0.3,0.1,0.1,0.0,0.191,0.299,0.353,0.652,0.297,694359
583,Drew Gilbert,NYM,L,OF,OF,7,18,16,2.0,0.5,1.9,0.2,3.5,2.2,0.8,0.0,5.8,4.1,1.5,0.2,0.1,0.1,0.1,0.222,0.297,0.367,0.664,0.268,687551
584,Ildemaro Vargas,ARI,S,2B/3B,2B/SS/ 3B/OF,7,17,16,1.8,0.2,1.6,0.4,4.2,3.1,0.8,0.1,5.7,2.0,1.1,0.1,0.1,0.0,0.1,0.263,0.312,0.360,0.672,0.288,13324
585,David Bote,LAD,R,3B,2B/3B,7,17,16,2.0,0.4,1.9,0.1,3.6,2.1,1.0,0.0,5.9,4.4,1.3,0.2,0.1,0.0,0.0,0.229,0.295,0.382,0.676,0.286,623520
586,J.C. Escarra,NYY,L,1B,1B,7,17,15,1.9,0.3,1.7,0.1,3.3,2.1,0.8,0.0,5.3,3.2,1.5,0.2,0.1,0.0,0.0,0.220,0.296,0.351,0.647,0.256,641555
587,Garrett Hampson,ARI,R,2B/SS/ OF,2B/SS/ OF,7,17,16,1.7,0.2,1.4,0.5,3.7,2.8,0.7,0.1,5.1,4.4,1.3,0.1,0.1,0.1,0.1,0.238,0.299,0.324,0.623,0.319,641658
588,Tristan Gray,CHW,L,SS,SS,7,17,15,1.7,0.6,1.7,0.1,3.1,1.8,0.6,0.0,5.5,5.4,1.0,0.2,0.1,0.0,0.0,0.204,0.260,0.367,0.627,0.270,656484
589,Emmanuel Rivera,BAL,R,1B/3B,1B/3B,7,17,16,1.9,0.4,1.8,0.1,3.8,2.6,0.6,0.1,5.9,3.9,1.3,0.2,0.1,0.0,0.0,0.243,0.306,0.377,0.682,0.294,656896
590,Edward Olivares,FA,R,OF,OF,7,17,15,1.9,0.5,1.9,0.4,3.9,2.6,0.7,0.1,6.1,3.4,1.2,0.2,0.1,0.0,0.1,0.250,0.310,0.397,0.707,0.288,658668
591,Brian Serven,DET,R,C,C,7,17,15,1.6,0.3,1.4,0.1,2.9,2.0,0.5,0.0,4.4,5.1,1.3,0.2,0.1,0.1,0.0,0.188,0.258,0.291,0.549,0.257,661531
592,Trey Cabbage,FA,L,OF,OF,7,17,15,1.8,0.5,1.8,0.6,3.3,2.0,0.7,0.1,5.7,6.3,1.3,0.1,0.1,0.1,0.2,0.213,0.275,0.369,0.644,0.315,663550
593,Daz Cameron,BAL,R,OF,OF,7,17,15,1.9,0.4,1.8,0.4,3.6,2.4,0.6,0.1,5.7,4.5,1.4,0.2,0.1,0.0,0.1,0.232,0.301,0.370,0.671,0.298,663662
594,Coco Montes,TB,R,2B,2B,7,17,15,1.8,0.4,1.6,0.2,3.5,2.3,0.7,0.1,5.5,4.9,1.4,0.1,0.1,0.0,0.1,0.227,0.294,0.361,0.655,0.304,663796
595,Luis De Los Santos,NYM,R,3B,3B,7,17,16,1.8,0.4,1.7,0.2,3.3,2.3,0.6,0.1,5.3,4.8,1.3,0.2,0.1,0.1,0.1,0.212,0.280,0.333,0.613,0.276,665782
596,Blake Sabol,BOS,L,C/OF,C/OF,7,17,15,1.9,0.4,1.8,0.2,3.6,2.4,0.7,0.1,5.7,4.9,1.4,0.2,0.1,0.0,0.1,0.234,0.304,0.371,0.675,0.311,666165
597,Livan Soto,BAL,L,SS,SS,7,17,15,1.8,0.2,1.5,0.2,3.5,2.5,0.8,0.0,4.9,3.8,1.6,0.1,0.1,0.1,0.0,0.228,0.302,0.324,0.626,0.289,670869
598,Phil Clarke,TOR,L,C,C,7,17,15,1.8,0.2,1.4,0.2,3.3,2.3,0.7,0.0,4.7,3.0,1.7,0.3,0.1,0.0,0.0,0.223,0.312,0.320,0.632,0.263,671287
599,Denzel Clarke,ATH,R,OF,OF,7,17,15,1.7,0.4,1.6,0.5,3.2,2.1,0.7,0.1,5.2,5.5,1.2,0.2,0.1,0.0,0.1,0.213,0.278,0.344,0.622,0.306,672016
600,Jacob Hurtubise,CIN,L,OF,OF,7,17,15,1.9,0.2,1.4,0.6,3.4,2.5,0.6,0.1,4.8,3.9,1.9,0.4,0.1,0.1,0.1,0.234,0.337,0.329,0.666,0.302,674441
601,Blake Hunt,SEA,R,C,C,7,17,16,1.6,0.4,1.5,0.1,3.1,2.0,0.7,0.1,5.0,4.5,1.0,0.2,0.1,0.0,0.0,0.201,0.256,0.325,0.581,0.257,675448
602,Shane McGuire,ATH,L,C,C,7,17,15,1.6,0.2,1.3,0.2,3.0,2.2,0.6,0.0,4.2,4.0,1.7,0.2,0.1,0.0,0.0,0.205,0.295,0.289,0.584,0.268,676063
603,Jacob Amaya,CHW,R,SS,SS,7,17,15,1.6,0.3,1.4,0.2,3.1,2.1,0.7,0.0,4.8,4.2,1.5,0.1,0.1,0.1,0.0,0.212,0.285,0.327,0.612,0.272,676070
604,Ryan Noda,LAA,L,1B,1B,7,17,14,1.9,0.5,1.7,0.1,2.7,1.6,0.6,0.0,4.9,6.0,2.3,0.3,0.1,0.0,0.0,0.192,0.312,0.347,0.659,0.282,676116
605,Luis Vazquez,BAL,R,SS,SS,7,17,16,1.8,0.3,1.6,0.2,3.5,2.5,0.6,0.0,5.2,4.2,1.2,0.2,0.1,0.1,0.1,0.225,0.286,0.335,0.620,0.283,676679
606,Jared Young,NYM,L,1B,1B,7,17,15,2.0,0.5,1.9,0.2,3.4,2.1,0.7,0.1,5.8,4.6,1.7,0.3,0.1,0.0,0.1,0.223,0.310,0.375,0.685,0.284,676724
607,Rece Hinds,CIN,R,OF,OF,7,17,16,1.9,0.6,2.0,0.4,3.4,1.7,0.9,0.1,6.4,6.3,1.1,0.1,0.1,0.0,0.1,0.215,0.270,0.407,0.678,0.306,677956
608,Brandon Valenzuela,SD,S,C,C,7,17,15,1.7,0.3,1.5,0.1,3.1,2.1,0.8,0.0,4.8,4.5,1.4,0.1,0.1,0.0,0.0,0.205,0.277,0.316,0.593,0.268,678218
609,Osleivis Basabe,SF,R,SS,SS,7,17,16,1.6,0.2,1.4,0.3,3.9,2.9,0.7,0.1,5.3,3.0,1.0,0.2,0.1,0.0,0.1,0.250,0.299,0.338,0.637,0.296,678545
610,Nick Dunn,SEA,L,2B,2B,7,17,15,1.7,0.2,1.5,0.1,3.7,2.6,0.9,0.1,5.3,2.4,1.5,0.2,0.1,0.0,0.0,0.247,0.319,0.351,0.670,0.279,680709
611,Jonathan Ornelas,TEX,R,SS,SS/3B,7,17,16,1.7,0.2,1.5,0.3,3.6,2.7,0.6,0.1,5.0,4.5,1.2,0.2,0.1,0.1,0.1,0.228,0.288,0.320,0.608,0.305,680716
612,Quincy Hamilton,HOU,L,OF,OF,7,17,15,1.8,0.4,1.6,0.3,3.1,2.1,0.5,0.1,5.1,4.6,1.6,0.2,0.1,0.0,0.1,0.208,0.291,0.338,0.629,0.267,680810
613,Mickey Gasper,MIN,S,2B,2B,7,17,15,1.9,0.3,1.6,0.2,3.6,2.5,0.9,0.0,5.5,3.3,1.9,0.3,0.1,0.0,0.0,0.247,0.343,0.371,0.714,0.296,681508
614,Luke Ritter,NYM,R,2B,2B,7,17,15,1.8,0.5,1.7,0.1,3.0,1.9,0.5,0.0,5.0,6.0,1.7,0.3,0.1,0.1,0.0,0.194,0.283,0.327,0.610,0.279,682239
615,Wes Clarke,MIL,R,C,C,7,17,15,1.8,0.5,1.7,0.1,2.9,1.8,0.5,0.0,5.1,6.1,1.8,0.2,0.1,0.0,0.0,0.192,0.285,0.341,0.626,0.276,682265
616,Kevin Alcantara,CHC,R,OF,OF,7,17,16,1.8,0.4,1.7,0.3,3.7,2.6,0.7,0.0,5.7,4.8,1.2,0.1,0.1,0.1,0.1,0.236,0.293,0.362,0.655,0.311,682634
617,Spencer Jones,NYY,L,OF,OF,7,17,16,1.8,0.4,1.8,0.5,3.3,2.0,0.8,0.1,5.6,6.1,1.2,0.1,0.1,0.0,0.1,0.213,0.272,0.359,0.632,0.314,682987
618,Matthew Lugo,LAA,R,SS,SS,7,17,15,1.9,0.5,1.8,0.3,3.6,2.2,0.8,0.1,5.9,4.5,1.1,0.2,0.1,0.0,0.1,0.230,0.286,0.385,0.671,0.290,683090
619,Victor Mesa Jr.,MIA,L,OF,OF,7,17,16,1.6,0.4,1.6,0.2,3.5,2.5,0.6,0.1,5.4,4.0,1.0,0.1,0.1,0.0,0.1,0.227,0.279,0.344,0.622,0.279,683748
620,Matt Gorski,PIT,R,OF,OF,7,17,16,1.8,0.5,1.8,0.4,3.4,2.1,0.7,0.1,5.8,5.0,1.1,0.1,0.1,0.0,0.1,0.214,0.269,0.366,0.635,0.275,685301
621,Kenedy Corona,HOU,R,OF,OF,7,17,15,1.7,0.4,1.6,0.5,3.2,2.1,0.7,0.1,5.1,4.8,1.3,0.2,0.1,0.0,0.2,0.209,0.274,0.330,0.604,0.276,685744
622,Sammy Siani,PIT,L,OF,OF,7,17,15,1.7,0.3,1.5,0.3,3.5,2.4,0.7,0.1,5.3,4.2,1.4,0.1,0.1,0.0,0.1,0.227,0.293,0.344,0.637,0.290,686445
623,Andre Lipcius,CHW,R,3B,3B,7,17,15,1.7,0.4,1.6,0.1,3.3,2.2,0.7,0.0,5.3,4.0,1.5,0.1,0.1,0.0,0.0,0.226,0.300,0.362,0.662,0.281,686531
624,John Dunn,WSH,R,3B,3B,7,17,15,1.7,0.2,1.3,0.4,3.1,2.3,0.5,0.0,4.4,3.7,1.9,0.2,0.1,0.0,0.1,0.211,0.308,0.300,0.608,0.266,686639
625,Eric Yang,CIN,R,C,C,7,17,15,1.7,0.3,1.5,0.1,3.0,1.9,0.8,0.0,4.8,5.3,1.5,0.2,0.1,0.0,0.0,0.199,0.278,0.315,0.593,0.280,687066
626,Nathan Martorella,MIA,L,1B,1B,7,17,15,1.7,0.4,1.6,0.1,3.4,2.3,0.6,0.0,5.4,3.5,1.4,0.1,0.1,0.0,0.0,0.222,0.290,0.351,0.641,0.260,687210
627,Cam Devanney,KC,R,SS,SS,7,17,15,1.8,0.3,1.6,0.2,3.4,2.2,0.8,0.1,5.3,4.3,1.3,0.2,0.1,0.0,0.1,0.222,0.286,0.345,0.631,0.282,687478
628,Cade Marlowe,SEA,L,OF,OF,7,17,15,1.6,0.4,1.5,0.8,3.0,1.9,0.6,0.1,4.9,5.8,1.5,0.2,0.1,0.1,0.2,0.196,0.270,0.327,0.598,0.286,687799
629,Dustin Harris,TEX,L,OF,OF,7,17,15,1.9,0.4,1.7,0.6,3.5,2.4,0.7,0.1,5.4,4.3,1.5,0.2,0.1,0.1,0.2,0.230,0.305,0.355,0.660,0.295,687957
630,Gavin Cross,KC,L,OF,OF,7,17,15,1.8,0.4,1.7,0.5,3.4,2.3,0.7,0.0,5.4,4.4,1.3,0.2,0.1,0.0,0.1,0.225,0.291,0.353,0.644,0.288,688457
631,Matt Koperniak,STL,L,OF,OF,7,17,15,1.8,0.4,1.7,0.2,3.8,2.7,0.6,0.1,5.7,3.5,1.2,0.1,0.1,0.0,0.1,0.247,0.305,0.372,0.677,0.294,689288
632,Emmanuel Rodriguez,MIN,L,OF,OF,7,17,14,2.0,0.4,1.7,0.3,3.0,1.8,0.7,0.1,5.2,5.6,2.5,0.2,0.1,0.0,0.1,0.211,0.334,0.363,0.696,0.310,691181
633,Max Acosta,MIA,R,SS,SS,7,17,15,1.6,0.2,1.5,0.5,3.8,2.7,0.8,0.1,5.4,3.0,1.0,0.2,0.1,0.0,0.2,0.245,0.295,0.347,0.642,0.288,691185
634,Jeferson Quero,MIL,R,C,C,7,17,16,1.8,0.5,1.8,0.2,3.6,2.5,0.6,0.1,5.8,3.8,1.3,0.2,0.1,0.1,0.1,0.231,0.293,0.369,0.662,0.274,691620
635,Moises Ballesteros,CHC,L,C,C,7,17,16,1.9,0.4,1.7,0.1,3.8,2.6,0.7,0.0,5.8,3.6,1.3,0.1,0.1,0.1,0.0,0.242,0.303,0.371,0.674,0.288,694208
636,Samuel Basallo,BAL,L,C,C,7,17,16,2.0,0.5,1.9,0.2,3.8,2.4,0.8,0.0,6.2,4.0,1.2,0.1,0.1,0.0,0.1,0.244,0.300,0.399,0.699,0.295,694212
637,Nick Raposo,SEA,R,C,C,7,17,15,1.6,0.3,1.4,0.1,3.1,2.0,0.7,0.0,4.8,4.2,1.2,0.1,0.1,0.0,0.0,0.202,0.264,0.315,0.580,0.253,695596
638,Harry Ford,SEA,R,C,C,7,17,15,1.7,0.3,1.3,0.5,3.0,2.0,0.7,0.0,4.6,4.5,1.9,0.3,0.1,0.0,0.1,0.206,0.308,0.314,0.621,0.276,695670
639,Jimmy Crooks,STL,L,C,C,7,17,15,1.8,0.3,1.6,0.1,3.6,2.5,0.7,0.1,5.5,4.1,1.4,0.2,0.1,0.0,0.0,0.238,0.309,0.361,0.670,0.300,699625
640,Carson Williams,TB,R,SS,SS,7,17,15,1.8,0.5,1.7,0.5,3.3,2.0,0.7,0.1,5.5,5.4,1.4,0.2,0.1,0.0,0.2,0.213,0.285,0.359,0.644,0.295,700246
641,Cameron Smith,HOU,R,3B,3B,7,17,16,1.7,0.4,1.7,0.2,3.2,2.2,0.5,0.1,5.2,4.4,1.0,0.2,0.1,0.0,0.1,0.203,0.254,0.328,0.582,0.251,701358
642,Benjamin Cowles,CHC,R,SS,SS,7,17,16,1.7,0.3,1.5,0.3,3.6,2.6,0.7,0.1,5.3,4.3,1.4,0.2,0.1,0.1,0.1,0.232,0.299,0.337,0.636,0.301,701496
643,James Triantos,CHC,R,2B,2B,7,17,16,1.8,0.2,1.6,0.7,4.1,3.1,0.7,0.1,5.7,2.5,0.9,0.2,0.1,0.1,0.2,0.257,0.303,0.353,0.656,0.292,701649
644,Justin Crawford,PHI,L,OF,OF,7,17,16,1.8,0.3,1.7,0.7,4.1,3.0,0.7,0.1,5.9,3.7,0.9,0.1,0.1,0.0,0.2,0.259,0.303,0.370,0.674,0.316,702222
645,Jett Williams,NYM,R,SS,SS,7,17,15,1.8,0.2,1.4,0.4,3.2,2.2,0.7,0.1,4.6,4.7,1.9,0.2,0.1,0.1,0.1,0.209,0.308,0.308,0.616,0.284,702518
646,Xavier Isaac,TB,L,1B,1B,7,17,15,1.8,0.5,1.7,0.2,3.2,2.0,0.6,0.1,5.4,6.0,1.5,0.2,0.1,0.0,0.1,0.208,0.284,0.353,0.637,0.301,800060
647,Javier Vaz,KC,L,2B,2B,7,17,15,1.8,0.2,1.5,0.3,3.7,2.7,0.7,0.1,5.0,2.4,1.8,0.2,0.1,0.0,0.1,0.246,0.327,0.338,0.665,0.279,805834
648,Charles Condon,COL,R,OF,OF,7,17,16,1.4,0.3,1.4,0.2,3.0,2.2,0.4,0.1,4.4,5.1,0.6,0.2,0.1,0.0,0.1,0.190,0.229,0.279,0.508,0.257,809707
649,Max Stassi,SF,R,C,C,7,16,14,1.6,0.4,1.4,0.2,2.9,2.0,0.5,0.1,4.6,4.6,1.4,0.2,0.1,0.0,0.0,0.204,0.281,0.322,0.603,0.272,10059
650,Bryce Johnson,PIT,S,OF,OF,7,16,14,1.6,0.2,1.3,0.5,3.3,2.4,0.6,0.1,4.8,4.2,1.5,0.2,0.1,0.0,0.1,0.232,0.311,0.334,0.645,0.310,669369
651,Trenton Brooks,SD,L,1B,1B,7,16,14,1.8,0.4,1.6,0.2,3.2,1.9,0.8,0.0,5.1,3.5,1.7,0.1,0.1,0.1,0.0,0.227,0.315,0.368,0.683,0.274,670092
652,Alika Williams,PIT,R,2B/SS,2B/SS,7,16,15,1.6,0.2,1.3,0.2,3.4,2.5,0.7,0.1,4.9,3.5,1.1,0.1,0.1,0.1,0.0,0.237,0.295,0.335,0.629,0.296,675961
653,Kyren Paris,LAA,R,2B,2B,7,16,14,1.7,0.3,1.4,0.6,2.8,1.9,0.6,0.1,4.4,5.2,1.5,0.2,0.1,0.1,0.1,0.198,0.281,0.312,0.594,0.286,677347
654,Dalton Rushing,LAD,L,C,C,7,16,14,2.1,0.6,1.9,0.1,3.2,1.9,0.7,0.0,5.6,4.1,1.7,0.3,0.1,0.0,0.0,0.224,0.317,0.395,0.712,0.271,687221
655,Nick Maton,CHW,L,2B/3B,2B/3B,6,14,12,1.4,0.3,1.3,0.1,2.5,1.6,0.5,0.0,4.1,3.4,1.5,0.2,0.1,0.0,0.0,0.213,0.306,0.351,0.656,0.269,665155
656,Enmanuel Valdez,PIT,L,2B,2B,6,14,13,1.5,0.4,1.5,0.2,2.9,1.8,0.7,0.0,5.0,3.4,1.2,0.1,0.1,0.0,0.0,0.232,0.302,0.393,0.695,0.281,665839
657,Jesus Bastidas,HOU,R,SS,SS,6,14,13,1.5,0.4,1.4,0.2,2.7,1.7,0.6,0.0,4.4,3.8,1.0,0.3,0.1,0.0,0.1,0.213,0.279,0.348,0.627,0.271,665846
658,Buddy Kennedy,PHI,R,3B,3B,6,14,12,1.5,0.2,1.3,0.1,2.8,1.9,0.6,0.1,4.3,3.3,1.5,0.2,0.1,0.0,0.0,0.229,0.320,0.347,0.667,0.289,671083
659,Luca Tresh,KC,R,C,C,6,14,13,1.5,0.3,1.4,0.1,2.8,1.9,0.5,0.0,4.4,3.4,1.1,0.1,0.1,0.0,0.0,0.221,0.284,0.346,0.630,0.276,681123
660,Vinny Capra,MIL,R,SS,SS,6,14,13,1.4,0.2,1.2,0.2,3.0,2.2,0.6,0.0,4.1,3.1,1.3,0.1,0.1,0.0,0.0,0.234,0.309,0.328,0.637,0.293,681962
661,Tucker Barnhart,TEX,L,C,C,6,13,12,1.3,0.1,1.0,0.1,2.4,1.8,0.5,0.0,3.5,3.7,1.1,0.1,0.1,0.0,0.0,0.209,0.279,0.297,0.576,0.289,10200
662,Dom Nunez,CLE,L,DH,C,6,13,11,1.2,0.2,1.0,0.1,2.0,1.3,0.5,0.0,3.3,4.2,1.4,0.1,0.1,0.0,0.0,0.180,0.275,0.292,0.567,0.259,15055
663,Rene Pinto,ARI,R,C,C,6,13,12,1.4,0.4,1.4,0.1,2.6,1.7,0.5,0.0,4.4,4.5,0.7,0.1,0.1,0.0,0.0,0.213,0.260,0.356,0.616,0.296,650907
664,Grae Kessinger,ARI,R,SS,SS,6,13,12,1.3,0.2,1.1,0.2,2.5,1.8,0.4,0.0,3.6,3.5,1.2,0.1,0.1,0.0,0.1,0.209,0.285,0.304,0.590,0.276,666197
665,Bobby Dalbec,CHW,R,1B/3B,1B/3B,6,13,11,1.3,0.4,1.3,0.2,2.2,1.3,0.5,0.0,4.0,5.0,1.0,0.1,0.1,0.0,0.0,0.194,0.266,0.355,0.621,0.292,666915
666,Corey Julks,CHW,R,OF,OF,6,13,11,1.3,0.3,1.2,0.3,2.6,1.6,0.6,0.0,4.2,3.2,1.0,0.1,0.1,0.0,0.1,0.226,0.292,0.369,0.662,0.283,667452
667,Ryan Kreidler,DET,R,SS,SS,6,13,11,1.3,0.3,1.1,0.4,2.2,1.5,0.4,0.1,3.5,3.9,1.2,0.2,0.1,0.0,0.1,0.195,0.281,0.309,0.590,0.267,668952
668,Mason McCoy,SD,R,SS,SS,6,13,12,1.2,0.2,1.1,0.4,2.3,1.6,0.5,0.0,3.5,4.1,1.0,0.1,0.1,0.0,0.1,0.196,0.259,0.297,0.556,0.279,669200
669,Cooper Hummel,HOU,S,OF,C/OF,6,13,11,1.4,0.2,1.1,0.3,2.3,1.5,0.5,0.1,3.6,3.8,1.6,0.2,0.1,0.0,0.1,0.208,0.316,0.326,0.642,0.290,669450
670,Braden Shewmake,NYY,L,SS,2B/SS/ 3B,6,13,12,1.4,0.3,1.4,0.4,2.7,1.7,0.6,0.0,4.3,2.7,0.7,0.1,0.1,0.0,0.1,0.220,0.266,0.360,0.626,0.257,669699
671,Darick Hall,PIT,L,1B,1B,6,13,12,1.4,0.4,1.4,0.1,2.6,1.6,0.6,0.0,4.4,3.3,1.1,0.1,0.1,0.0,0.0,0.223,0.292,0.375,0.667,0.273,669742
672,Zack Short,HOU,R,2B/SS/ 3B,2B/SS/ 3B,6,13,11,1.4,0.2,1.1,0.2,2.1,1.4,0.5,0.0,3.4,3.8,1.6,0.1,0.1,0.0,0.1,0.193,0.297,0.309,0.607,0.264,670097
673,Miles Mastrobuoni,SEA,L,3B,2B/SS/ 3B,6,13,11,1.3,0.1,1.1,0.4,2.7,1.8,0.7,0.0,3.8,2.8,1.2,0.1,0.1,0.0,0.1,0.232,0.306,0.334,0.640,0.292,670156
674,Steward Berroa,TOR,S,OF,OF,6,13,12,1.4,0.2,1.1,0.8,2.4,1.6,0.6,0.1,3.8,3.8,1.2,0.1,0.1,0.0,0.2,0.212,0.292,0.327,0.618,0.293,672642
675,David Banuelos,BAL,R,C,C,6,13,12,1.3,0.3,1.2,0.1,2.3,1.6,0.4,0.0,3.7,4.6,1.0,0.1,0.1,0.0,0.0,0.193,0.261,0.312,0.573,0.280,675915
676,Hunter Feduccia,LAD,L,C,C,6,13,12,1.5,0.3,1.2,0.1,2.4,1.6,0.5,0.0,3.8,3.5,1.4,0.1,0.1,0.0,0.0,0.210,0.298,0.330,0.629,0.276,676439
677,Brewer Hicklen,MIL,R,OF,OF,6,13,12,1.4,0.4,1.3,0.5,2.3,1.4,0.4,0.1,4.0,4.6,1.2,0.3,0.1,0.0,0.1,0.199,0.288,0.348,0.636,0.289,676551
678,Ji Hwan Bae,PIT,L,OF,OF,6,13,12,1.4,0.2,1.1,0.6,3.0,2.1,0.6,0.1,4.2,3.0,1.2,0.1,0.1,0.0,0.2,0.253,0.325,0.362,0.686,0.324,678225
679,Justin Foscue,TEX,R,DH,DH,6,13,11,1.5,0.3,1.4,0.2,2.5,1.6,0.5,0.0,4.2,2.9,1.3,0.2,0.1,0.0,0.1,0.221,0.309,0.366,0.675,0.262,679822
680,Wade Meckler,SF,L,OF,OF,6,13,12,1.4,0.2,1.2,0.2,3.0,2.1,0.6,0.1,4.2,2.7,1.1,0.1,0.1,0.0,0.0,0.257,0.326,0.367,0.693,0.318,685133
681,Blake Dunn,CIN,R,OF,OF,6,13,12,1.4,0.3,1.2,0.4,2.6,1.7,0.6,0.0,4.1,4.0,1.0,0.2,0.1,0.0,0.1,0.223,0.298,0.353,0.651,0.309,694362